network_id,pair_id,Location,Site,Management,Treatment,day,moisture,respiration,total_biomass,total_flux,dominant_real_eigenvalue,reactivity,S_full,beta_out_json,beta_in_json,S_het,S_Ftot,S_reconstructed,S_reconstruction_error,beta_norm_converged
De_S1_Ex_C_d0,De_S1_Ex,De,S1,Ex,C,d0,29.4333333333333,0.000389345197353411,2417707.0106208636,491.01082202672643,-4.344608480428045e-05,0.13105021843751583,43.91982143908443,"[0.0, 3.1813858033965303, 0.9752385309474305, 1.7485427753348886, 30.144334708099343, 0.0, 0.017757047283814636, 0.03365967451139638, 38.677351625933596, 0.0014885834313334467, 0.0001809411916020343, 0.004259922035338555, 0.004354795374781126]","[0.9486852992270409, 0.43916057882120746, 0.016188294932663817, 0.0801402054339466, 0.6283925470701146, 0.33345943975161224, 0.015319783064674143, 0.037214509420991956, 0.30183786401500556, 1.3604116258491077e-07, 0.0, 0.0, 0.0]",-96.44625646990283,148.71518804014215,52.26893157023932,-8.349110131154887,True
De_S1_Ex_D_d0,De_S1_Ex,De,S1,Ex,D,d0,20.1333333333333,0.000197999847897178,2680108.78679487,391.5752985690879,-6.165957464599881e-05,0.12088598433164605,43.5316580107947,"[0.0, 6.802156338676289, 2.0758877648981957, 3.5351875570462767, 4.138726275012798, 0.0, 0.09193519759390738, 0.636396992425106, 36.93119741250415, 0.43506877582124637, 1.4953791653923668e-12, 0.0069061926258569785, 0.01674645188386709]","[1.333650486371167, 0.3253035610064345, 0.01806713160457849, 0.0820623673823475, 0.12747434355878356, 0.4582396291348642, 8.372994967944386e-05, 0.06660139319481544, 0.06156792690918377, 8.7089786730537e-11, 0.0, 0.0, 0.0]",-97.2651556055209,143.28426793072663,46.019112325205725,-2.487454314411025,True
De_S1_In_C_d0,De_S1_In,De,S1,In,C,d0,44.2666666666667,0.000423606357897939,2574562.612438888,652.358775678581,-2.5623912023914003e-05,0.1408057809430417,36.381305424764136,"[0.0, 13.488956774758947, 1.3264361673795835, 18.398813514316842, 46.557612844077894, 0.0, 0.011011200723663232, 1.1135674821489867, 23.708026851145142, 0.1616680935587767, 0.004765095046436124, 0.0031892356537731197, 0.01195069135539401]","[1.2788813214286237, 0.5638428690717997, 0.0067754286562249355, 0.2697712665640587, 1.2463269972670212, 0.1937821014321241, 8.344628100623035e-06, 0.05883551023900301, 0.055485311590148, 1.9463692081628e-06, 0.0, 0.0, 0.0]",-116.61103240139806,155.53427232071076,38.92323991931269,-2.5419344945485562,True
De_S1_In_D_d0,De_S1_In,De,S1,In,D,d0,19.2,0.000322115750247167,2525654.8491216423,960.4223687960525,-6.26658169705391e-05,0.13842132689780925,49.31557295322767,"[0.0, 1.9384097462204437, 1.668916853373947, 2.417653351704669, 2.628785662591878, 0.0, 0.006772199893515944, 1.325259053507021, 1.7047157698725706, 0.025502180200120482, 0.0010109783602183422, 0.0015253392445665728, 0.008000162110087654]","[0.41837050805141074, 0.36758844416244285, 0.02044633179674675, 0.312312157690665, 0.3659611932536337, 0.2614455290326902, 1.2655423833879348e-05, 0.13752218109695877, 0.020476635461057026, 8.129795886267204e-07, 0.0, 0.0, 0.0]",-117.75778726864948,164.8169557248108,47.05916845616133,2.2564044970663417,True
De_S2_Ex_C_d0,De_S2_Ex,De,S2,Ex,C,d0,51.1666666666667,0.000427523005551753,4233781.395874838,1199.7139996544379,-3.872674705286964e-05,0.1139613944500779,52.59834205529156,"[0.0, 11.034547812970143, 1.4433466669955808, 4.4265230549809464, 16.651035639506098, 0.0, 0.04797914886778355, 0.6508370000603045, 13.124720543823377, 0.7923190835959256, 1.3993428251874079e-10, 0.0023755407813063826, 1.7329891495317746e-05]","[0.3918399160462139, 0.40517914153764867, 0.006373190303339853, 0.08507450745983866, 0.277599299917164, 0.5241381292644411, 0.003452692080948387, 0.014520240840613204, 0.018373767563873954, 1.5432540681207895e-05, 0.0, 0.0, 0.0]",-112.84766424672019,170.15612336997165,57.30845912325147,-4.7101170679599065,True
De_S2_Ex_D_d0,De_S2_Ex,De,S2,Ex,D,d0,20.7333333333333,0.000163586584531143,4729969.774373792,799.5995582607695,-3.912698513294728e-05,0.12700973609776164,57.72147062390319,"[0.0, 4.742252990965284, 0.2475989327089535, 2.6061249772670014, 0.35425965653556724, 0.0, 0.0001254326110222869, 2.346141168956348, 7.369337828582664, 0.5600023639781203, 1.9891759331053814e-05, 0.005544115567376406, 3.052857695383801e-12]","[0.5708731362864023, 0.24137382430934531, 0.004402160168709191, 0.06861846206233205, 0.020342319865595013, 0.7203810876062154, 0.008420102063095073, 0.15601590943738805, 0.03104597782546479, 4.415049114752781e-08, 0.0, 0.0, 0.0]",-102.69696409736636,160.4186652042199,57.721701106853544,-0.00023048295035721367,True
De_S2_In_C_d0,De_S2_In,De,S2,In,C,d0,39.4,0.00055886379192334,4573318.008831996,772.0874718252294,-1.784399716601331e-05,0.11935304164787035,41.27445321436079,"[0.0, 8.415169038692293, 1.0747739202931594, 4.900594904999271, 235.53698021190894, 0.0, 0.0013333871889775572, 2.274781955878238, 14.354278496846794, 0.40860936869500075, 0.0009225438935081905, 0.0033213774771757376, 0.006555719530770778]","[0.7755039565834764, 0.26978709274303186, 0.006400983838088236, 0.07723095265645813, 1.338045321233515, 0.23062940855865774, 9.42827730359114e-05, 0.10561659545746033, 0.041861893795966124, 3.4210764993078407e-06, 0.0, 0.0, 0.0]",-114.52329849931492,159.57834837790298,45.055049878588065,-3.780596664227275,True
De_S2_In_D_d0,De_S2_In,De,S2,In,D,d0,31.2333333333333,0.000322001673131037,4575834.335040863,711.5851853740166,-1.8126050690435162e-05,0.1305432189427804,39.65822904270335,"[0.0, 9.752356180009716, 1.7354984271183522, 5.4856254415886765, 94.9727171666272, 0.0, 0.09552987793540367, 0.7316015586201449, 38.65683376113182, 0.45790419339755134, 4.96034146685918e-09, 0.0033215466190298147, 0.008583380140429264]","[0.733675473736712, 0.33131885024998975, 0.008758173889546788, 0.09413477268512241, 1.5527017696309429, 0.44427478156718103, 3.6808370668122893e-06, 0.03647359327777052, 0.0790283543454723, 6.548918829364189e-11, 0.0, 0.0, 0.0]",-114.98906675727766,157.61988328368173,42.630816526404075,-2.9725874837007282,True
De_S3_Ex_C_d0,De_S3_Ex,De,S3,Ex,C,d0,50.2,0.000885466575404974,2928149.9599164976,1284.054396394173,-3.073711904189463e-05,0.09356861197849647,44.32026266681319,"[0.0, 12.672574752612805, 1.3263504261902268, 13.454244893721539, 97.95532364901582, 0.0, 0.008114260856840819, 2.0263063299883175, 5.9600097979313285, 0.056975762222400105, 1.7968832514135042e-11, 0.0015334640376639056, 0.005970187584285229]","[1.210719069384994, 0.3060055007659177, 0.005666221336269001, 0.15673043952825516, 0.5540390086828466, 0.6429551940047191, 6.189518506644306e-05, 0.07668345023981012, 0.00987761701247809, 5.218572242881114e-08, 0.0, 0.0, 0.0]",-124.60031624133381,171.7866683554923,47.186352114158495,-2.8660894473453027,True
De_S3_Ex_D_d0,De_S3_Ex,De,S3,Ex,D,d0,19.8,0.000295383679367252,2411259.5418033274,905.3151629842088,-0.00010297773752492991,0.11383719203543381,47.19838767531948,"[0.0, 7.863499123221615, 0.4918105783835308, 16.472717977795035, 5.378163848095619, 0.0, 4.523581070395305e-05, 3.577572010110917, 9.253216230582558, 0.2706051993271933, 1.0000000000048906e-12, 0.0030465788917960084, 0.007745090532783576]","[0.6992691296890495, 0.3266691067862958, 0.0044885482971837466, 0.3522493623095201, 0.1293684719073065, 0.26431686355983974, 3.296435523143676e-06, 0.17011311274210295, 0.020818762327285186, 1.0000000000086722e-12, 0.0, 0.0, 0.0]",-113.07596051334266,163.39879510722278,50.32283459388012,-3.1244469185606363,True
De_S3_In_C_d0,De_S3_In,De,S3,In,C,d0,44.5333333333333,0.000618640200775724,2187346.184156085,1163.4442075944407,-8.910691534746865e-06,0.14134131270398007,42.01947542876634,"[0.0, 12.965291862534514, 2.2686410634969323, 15.113143201298351, 33.669377975542766, 0.0, 0.002305615656606641, 2.223391234827862, 9.77782930610384, 0.46651624787263, 0.0016174219759913743, 0.0017240984096272192, 0.00348392284999398]","[0.3908506478804072, 0.420767666004169, 0.00973671608132002, 0.23181330426775854, 2.3121231983058226, 0.1484332541785061, 3.691260075976578e-06, 0.05229635743189343, 0.01383025286058084, 1.4683525236547248e-05, 0.0, 0.0, 0.0]",-123.6356405847302,169.4193607049922,45.78372012026199,-3.764244691495648,True
De_S3_In_D_d0,De_S3_In,De,S3,In,D,d0,24.7,0.000372689938398357,3158440.5666212384,1931.7839433508657,-8.141262807766728e-06,0.12866802186665244,46.893211998345755,"[0.0, 9.82753127027048, 4.818657610789017, 11.31875930595553, 13.078098285050098, 0.0, 0.030491979262699816, 0.0016457798412064294, 6.177697754839659, 0.2736152293812871, 0.000872736153960396, 0.001042535429474994, 0.003161756412307119]","[0.7511303426924983, 0.5350637754631222, 0.010419474087918124, 0.2861892787369605, 0.5139992426602523, 0.3254226372865096, 3.4110710689087214e-05, 0.003470276791828427, 0.06645247501883798, 3.6345407317853547e-06, 0.0, 0.0, 0.0]",-132.20671926622146,181.5887802709254,49.38206100470396,-2.488849006358201,True
De_S4_Ex_C_d0,De_S4_Ex,De,S4,Ex,C,d0,64.3,0.000398053083884706,3063242.9680096055,912.7814652676839,-4.446512038254571e-05,0.10124548887968073,44.39730061479529,"[0.0, 7.494024178305203, 2.21991511486949, 2.2463745051215893, 70.18159986990078, 0.0, 0.0298093230215995, 3.5145086890606865, 9.988365335579783, 0.1598547889365075, 3.5814287467368024e-09, 0.0020000567844446703, 0.0059389765824643375]","[0.601639855881778, 0.27115931523773984, 0.012891466131050858, 0.05324182433972167, 0.8351214316173634, 0.25018391697280934, 0.0005470886252435942, 0.15405088265634997, 0.020229837013942258, 6.06824070297431e-08, 0.0, 0.0, 0.0]",-117.08870017291726,163.5959158315687,46.50721565865145,-2.109915043856155,True
De_S4_Ex_D_d0,De_S4_Ex,De,S4,Ex,D,d0,40.0,0.000322952315765458,2302698.188226454,1212.321740261526,-0.0002455225828239549,0.09410764428339877,62.7186993909329,"[0.0, 2.949755191341978, 1.2376878081478384, 1.2685634181466892, 5.554094131545989, 0.0, 0.0005486005745802173, 0.9418100450981153, 9.34026216538147, 0.12996689520418717, 6.2473789480822595e-12, 0.001607164881758563, 2.224106578428984e-05]","[0.2580764881823932, 0.19531464730979445, 0.010685634888716662, 0.03505415583230645, 0.19260943383659831, 0.08655950126916431, 0.0043182638525748555, 0.05151581667127529, 0.019286530500941507, 2.7662086225770433e-09, 0.0, 0.0, 0.0]",-104.31033066086823,170.40702224789695,66.09669158702872,-3.3779921960958177,True
De_S4_In_C_d0,De_S4_In,De,S4,In,C,d0,58.6,0.000563921210738459,4337736.081304694,887.7126921054538,-9.147971899109534e-06,0.11826082387840123,36.103660444684444,"[0.0, 8.394703831221898, 2.599982145437122, 37.95420476434678, 43.11712918582568, 0.0, 0.014699353315967115, 1.1638658590312339, 8.794408910046478, 0.032207526420542344, 4.5939800523176545e-10, 0.0019188346617221978, 0.008099567285159053]","[1.2252981489958596, 0.2677714454244107, 0.011892831976937438, 0.6181534241542235, 1.0762794090746752, 0.45860719002755185, 2.7158125996343336e-06, 0.07037780961047717, 0.02302876231819506, 3.5019974293102057e-07, 0.0, 0.0, 0.0]",-126.3671724609625,162.92755549713425,36.56038303617176,-0.4567225914873134,True
De_S4_In_D_d0,De_S4_In,De,S4,In,D,d0,38.0666666666667,0.000396151798615864,4864147.887873941,1012.5950213812362,-7.189509908151e-06,0.1335796437236154,46.69167768162873,"[0.0, 3.661014524172645, 3.1397070193351415, 3.244913795176487, 4.517260822299716, 0.0, 0.0021359674876300565, 2.017743628019495, 3.9973783682626665, 0.052476162300911657, 0.004245661989599033, 0.0015674918618939775, 0.006687629129699871]","[0.504036552409536, 0.4012935126884806, 0.0227599093909029, 0.09845286533207113, 3.2511584825273108, 0.12537947581078543, 8.548743543519446e-06, 0.07687556897506918, 0.007653538487307433, 2.2329567124629642e-07, 0.0, 0.0, 0.0]",-117.79653738129707,166.0865194285196,48.28998204722254,-1.5983043655938047,True
De_S5_Ex_C_d0,De_S5_Ex,De,S5,Ex,C,d0,57.8333333333333,0.000375465814890866,1920194.121959865,979.7929128476356,-2.787229167298078e-05,0.1183851090194408,40.16772525786849,"[0.0, 14.812955716385966, 0.06651619239824809, 1.702557991192144, 87.36918265353913, 0.0, 0.2229846742689711, 2.0311016484066973, 13.217995806285849, 0.7890909172939783, 2.5304347750917818e-05, 0.0009812036409546263, 0.007114536852495596]","[1.9302431284353532, 0.06568579183228765, 0.0034219828341227805, 0.05927850480238324, 0.9124944341171647, 0.3285365418739158, 9.149300078464249e-06, 0.09165031264147441, 0.03846604335367824, 0.00337230250254168, 0.0, 0.0, 0.0]",-124.85404649644646,165.29618966193627,40.44214316548981,-0.27441790762132,True
De_S5_Ex_D_d0,De_S5_Ex,De,S5,Ex,D,d0,30.0666666666667,0.000319491976576165,3050688.684204969,754.6561851997899,-3.957886406119166e-05,0.12233492737683571,48.35087001703259,"[0.0, 15.443580552451145, 0.11084773390007885, 1.4454113368969035, 3.661170322092204, 0.0, 0.38270506129708737, 0.6514908471462734, 34.51487799607962, 0.7327162182864526, 0.003201966158979007, 0.006193879914694426, 0.01986377479917724]","[0.3381969216177363, 1.6240355511520945, 0.0002893905883011434, 0.05363861864637031, 0.15927061605363063, 0.6933381307464995, 3.47178448870898e-05, 0.04766252156437716, 0.09765434787772814, 6.25528978491665e-05, 0.0, 0.0, 0.0]",-107.00719498315917,159.03029428053543,52.02309929737626,-3.6722292803436716,True
De_S5_In_C_d0,De_S5_In,De,S5,In,C,d0,56.6,0.000477260628184653,2073241.03292322,431.70206631918154,-1.8830506459083037e-05,0.10068569451120286,16.677755237536676,"[0.0, 48.25249736841253, 49.47604206703664, 49.54748788141068, 53.85252434112834, 0.0, 0.4526954355210811, 0.0005609120602799098, 17.662538452446775, 0.26703845757911104, 2.03898661799937e-11, 0.004197043255755125, 0.02076680716188033]","[9.013002191579243, 1.2980826757942543, 0.13518346102905007, 0.4820141292871701, 1.8451165269026983, 0.3874169758227766, 4.4102984130104705e-05, 0.026904136265028022, 0.019347471913054887, 9.11340967862694e-07, 0.0, 0.0, 0.0]",-125.36713136005689,145.62565653648403,20.258525176427142,-3.580769938890466,True
De_S5_In_D_d0,De_S5_In,De,S5,In,D,d0,35.4333333333333,0.000294509088143585,2744050.8212938495,704.4528865458933,-3.137576392215852e-05,0.13798342358988297,45.60220876564571,"[0.0, 5.013564773526253, 1.3009772144136218, 6.037562498350977, 13.331175258091584, 0.0, 0.2942514543891548, 1.2402507120061173, 3.6833447252580234, 0.06115283386885023, 0.0013661664678786545, 0.0023222882252745985, 0.000125465252341414]","[0.2511620072001555, 0.7058088983941343, 0.01689994648382766, 0.34363703465812817, 0.6973439059169537, 0.18508842742122372, 0.017421185556153553, 0.08734537515682522, 0.014232996244401703, 1.2264166952974342e-07, 0.0, 0.0, 0.0]",-111.66018207235676,157.3781148978943,45.717932825537545,-0.1157240598918321,True
Sc_S1_Ex_C_d0,Sc_S1_Ex,Sc,S1,Ex,C,d0,65.5,0.000354817856871245,2042584.8562588869,410.4021028459565,-2.5234792559484427e-05,0.10969618132862781,14.114476168270922,"[0.0, 53.50457545297004, 12.135902620917312, 73.65719200458454, 99.20164606186306, 0.0, 8.332092776045842e-05, 5.141243825573244, 60.577533069092595, 0.4229633983817705, 1.0000000000000002e-12, 0.004106565774590877, 0.013187206341203682]","[3.529828055828809, 0.8880654696433252, 0.03425930184369342, 0.7551244885503844, 2.163719629210672, 0.9075963255062464, 1.3936104848328619e-06, 0.14775218270453538, 0.0661817583668953, 1.0000000000000002e-12, 0.0, 0.0, 0.0]",-126.18644455657756,144.41129802569014,18.22485346911259,-4.110377300841666,True
Sc_S1_Ex_D_d0,Sc_S1_Ex,Sc,S1,Ex,D,d0,24.9333333333333,0.000267510837326032,2163847.997300136,262.55469646281097,-2.1930222029754345e-05,0.09422228060525382,6.070450539434766,"[0.0, 41.964603148581595, 25.659143969253986, 44.60314240563303, 43.875497638214156, 0.0, 0.4606777574280924, 10.213754292022783, 47.512257553517095, 5.046392157665424, 1.0666605220794746e-06, 0.009094959180193636, 0.011240290920932148]","[2.476860163399765, 1.2351197346157718, 0.056291538751590785, 2.053499376912366, 0.9407105806169677, 0.6884990367615329, 1.5064297826824634e-05, 0.13976395612697035, 0.0852875498595138, 2.1794949379328196e-05, 0.0, 0.0, 0.0]",-124.53087097997371,133.69102626728557,9.160155287311852,-3.089704747877086,True
Sc_S1_In_C_d0,Sc_S1_In,Sc,S1,In,C,d0,61.2666666666667,0.000428967982356073,461222.2839392742,408.50595279045524,-7.154733943525318e-06,0.11511855006233648,26.422455676547663,"[0.0, 4.766448684115884, 3.9666287612726228, 4.858541145210468, 5.001813139000177, 0.0, 0.006491282531802565, 2.3097183989518526, 7.4330395099963855, 2.8133989416219696, 0.010087916566525777, 0.006055408575439061, 0.007359410702708941]","[2.2770126257457686, 0.6824547558383866, 0.028798531671584606, 0.6539498223067666, 1.2035723660688666, 2.651761600554864, 1.0257993593473597e-08, 0.03893964857941938, 0.12526928287742875, 0.0002042434629126098, 0.0, 0.0, 0.0]",-121.75467736566826,144.30015567620012,22.545478310531863,3.876977366015801,True
Sc_S1_In_D_d0,Sc_S1_In,Sc,S1,In,D,d0,,,1435906.9555668875,436.70897240101425,-2.3522922023643462e-08,0.13556075907562187,25.695367068865792,"[0.0, 19.13772006848505, 18.83119590668286, 22.072231091375517, 26.682578154203046, 0.0, 0.008726403298130559, 1.1276008674020572, 25.943198527323947, 1.4015552942342586, 0.0015980343866613285, 0.0018616967097098292, 0.00621891988735955]","[1.2962518559511524, 0.3485216251385743, 0.05871815437700681, 0.37914874255026515, 1.1470192586639525, 1.1069722478166342, 8.973709267492064e-06, 0.041135355241340946, 0.08662880053039339, 0.003949653800220729, 0.0, 0.0, 0.0]",-120.24959622912216,145.9024081486872,25.652811919565025,0.042555149300767425,True
Sc_S2_Ex_C_d0,Sc_S2_Ex,Sc,S2,Ex,C,d0,60.9666666666667,0.000433531067001293,2044575.9163651455,304.76249323701944,-3.065390379621081e-05,0.06829042290444978,6.861398622339216,"[0.0, 58.28825753635521, 36.744973738671995, 53.293269778142765, 64.64323062156078, 0.0, 0.01658433644182886, 6.29134271419994, 89.70577451068677, 1.148511956742634, 1.0000000000000002e-12, 0.00571191430139776, 0.014728306249032638]","[6.5576420690655235, 1.3303065884111218, 0.062233231195270015, 0.43395866626013163, 1.6732544179648992, 1.2098867121172199, 4.4837465026042914e-10, 0.1351284881119824, 0.11935179995878042, 1.0000000000506202e-12, 0.0, 0.0, 0.0]",-124.55876954080807,137.26878630135468,12.710016760546608,-5.848618138207392,True
Sc_S2_Ex_D_d0,Sc_S2_Ex,Sc,S2,Ex,D,d0,16.9,0.000271579587801354,2048591.3232841974,169.13347376280643,-1.707919207086267e-05,0.10472269539824901,5.602625975236613,"[0.0, 99.91140863471855, 11.15844707845559, 87.7735496257924, 240.3022586443279, 0.0, 7.890541144387961e-08, 5.099769992595129, 36.01661552854936, 2.441744664972261, 1.0000006765127962e-12, 0.014388987618698742, 0.03361206457750218]","[5.676355240717108, 2.354399156375827, 0.05007331889715016, 0.7465937784236254, 2.751771813375742, 1.5576035005150068, 9.132298513622267e-07, 0.18729253247897926, 0.05274779883302831, 1.000000706590274e-12, 0.0, 0.0, 0.0]",-115.08951140484382,123.13651653084708,8.047005126003256,-2.4443791507666432,True
Sc_S2_In_C_d0,Sc_S2_In,Sc,S2,In,C,d0,63.1,0.000377405125865085,1766931.2634996404,308.9467318541666,-7.076983825356524e-06,0.09835969015085236,18.104966255423218,"[0.0, 33.80723328937334, 3.757590011179174, 21.982340028955026, 111.2968947984321, 0.0, 0.003998641099971998, 0.15900491460615687, 92.25777287439627, 1.1398207226990622, 0.0012807133818670575, 0.007318401823399532, 3.7437917487327968e-06]","[1.1737529447402137, 2.4398901444862986, 0.033167988421777254, 0.5235018212552682, 3.0082280337916556, 2.9333469809810957, 0.018368966641772184, 0.03380172340376228, 0.18684402076643938, 0.00011731266292047873, 0.0, 0.0, 0.0]",-117.02067848281555,137.5960529571748,20.57537447435925,-2.470408218936033,True
Sc_S2_In_D_d0,Sc_S2_In,Sc,S2,In,D,d0,31.2333333333333,0.000354931933987375,1821529.0246529728,191.5465696304238,-3.623691563163486e-05,0.09877816518723229,3.5900423075928742,"[0.0, 74.26155870128771, 62.55093626144805, 59.54124551216667, 81.46862807984601, 0.0, 0.12302648163056852, 1.1038902658633865, 99.71849141635722, 5.179722471006271, 0.004775369096138027, 0.013349559707587888, 0.019662273021989838]","[11.470419734784919, 1.8782829001647776, 0.10988320584314523, 0.44177912339701375, 1.465176156283723, 0.5651034410688544, 0.00029178644528450836, 0.047038005814008264, 0.1725360587433749, 9.145492358016213e-05, 0.0, 0.0, 0.0]",-116.8620928914359,126.12314310012209,9.261050208686186,-5.671007901093311,True
Sc_S3_Ex_C_d0,Sc_S3_Ex,Sc,S3,Ex,C,d0,56.5,0.000409841052551525,2476712.7390236934,360.56851388651984,-3.984314225856523e-05,0.10565082653272831,20.023882733449547,"[0.0, 37.58590596862078, 6.406839620514875, 40.698753561672525, 67.83927344848291, 0.0, 0.0353271492613856, 0.6063282849586674, 50.93725138887043, 0.268100917352881, 0.011325107319860108, 0.005344642579690413, 0.019850032834536024]","[5.97951839587816, 0.7976361366619283, 0.017551064984077262, 0.36816952759789806, 1.1757485348303525, 0.8687856760097447, 0.00011365452342276756, 0.05543094702437298, 0.11657602075573964, 0.00016586206039573268, 0.0, 0.0, 0.0]",-118.83757998215893,141.30436778537106,22.466787803212128,-2.442905069762581,True
Sc_S3_Ex_D_d0,Sc_S3_Ex,Sc,S3,Ex,D,d0,10.9,0.000137995284812533,2338140.238147678,137.92147726711846,-2.2399403452704862e-05,0.10267605074388234,11.609299685873834,"[0.0, 20.068631216167937, 2.976888981690277, 30.689655589467495, 104.16171255970521, 0.0, 0.674420139087676, 4.432972041614267, 59.37612886964415, 2.989389640043917, 0.009872158821744121, 0.021966054125076684, 0.03287125265651895]","[3.5705622331055746, 0.003343013887230415, 0.023345259104254102, 0.45915988946342146, 1.913933517027541, 0.49271759636532636, 7.313647344443618e-06, 0.34480906257613253, 0.29910985085069025, 0.005355972352164427, 0.0, 0.0, 0.0]",-103.50252013584011,118.2404284296363,14.737908293796181,-3.128608607922347,True
Sc_S3_In_C_d0,Sc_S3_In,Sc,S3,In,C,d0,62.7,0.000385884858164119,777031.3917632548,669.8744693062788,-1.3693639928328473e-05,0.11421875011619283,19.115140171258574,"[0.0, 7.151741771068636, 6.7841088995707075, 7.304494609379811, 7.439334197674951, 0.0, 1.119793650474459, 0.9248699782982084, 7.271793114114658, 0.27872336875422704, 0.03108194073267204, 0.0018201192427781255, 0.03336881310756374]","[11.536480187190879, 0.7171656259168903, 0.046459816144114416, 0.3353333823166261, 0.41073582550535903, 0.7629756244056932, 0.0008441242356232371, 0.0472824681157915, 0.02987922253666682, 4.2849151174335104e-08, 0.0, 0.0, 0.0]",-144.3336501858324,156.1701680540812,11.83651786824879,7.278622303009783,True
Sc_S3_In_D_d0,Sc_S3_In,Sc,S3,In,D,d0,47.3,0.000360540725530459,1216773.0266387172,799.8769504291707,-6.610753519016379e-05,0.10940616680535746,34.78273824730953,"[0.0, 28.020285318204746, 2.3464276739184338, 19.66926335009516, 0.013088876848531756, 0.0, 3.2811619749110115, 6.175517878233985, 41.98544780972035, 1.0837802496884485, 0.0044075883774104116, 0.003915664269186467, 0.03783582157997957]","[1.2341337893316577, 0.9146474290809794, 0.0074984419050993355, 0.33085240356494344, 0.0021998918513623004, 0.24226514012782752, 0.00018074453091969847, 0.12971292278596805, 0.21878702708181005, 9.226029669328401e-07, 0.0, 0.0, 0.0]",-120.65113810856666,160.42698969297882,39.775851584412166,-4.993113337102635,True
Sc_S4_Ex_C_d0,Sc_S4_Ex,Sc,S4,Ex,C,d0,43.4333333333333,0.000542398661495171,829379.8665628927,176.96373439793592,-5.861658403767062e-06,0.1049417723063618,11.40812970866676,"[0.0, 31.556788560464692, 4.065114750932469, 11.895080585621177, 135.8445398721682, 0.0, 0.010835265935766168, 2.862544860003292, 88.47857351155628, 1.587052843319385, 0.01692153124564596, 0.014226858020036277, 0.03114765522194606]","[3.0488892166886155, 1.2789068049640253, 0.02653607540669219, 0.2482289505055514, 8.068796164039401, 0.30889656782078057, 7.413388267344859e-05, 0.17072916734840457, 0.277685172456569, 2.4859995291007482e-05, 0.0, 0.0, 0.0]",-111.61387486850029,124.22267570817074,12.608800839670451,-1.2006711310036913,True
Sc_S4_Ex_D_d0,Sc_S4_Ex,Sc,S4,Ex,D,d0,15.7333333333333,0.00020963571374249,985872.4351786509,281.89035073753354,-3.427043053886566e-05,0.11232612107437077,34.195199930160605,"[0.0, 8.49387248025746, 1.0212580740319217, 2.1345200563408633, 49.30328291364562, 0.0, 0.00034162015225885125, 0.6034071708107442, 40.54746107973842, 0.18917619920583112, 4.1305586643858987e-10, 0.008362036410967413, 0.0001610678866852532]","[1.00170031135441, 1.290565737757554, 0.025872763540981177, 0.10297196028408048, 1.327116585728749, 0.11736174512136947, 0.030690735189994156, 0.0949505870978174, 0.1265553800157771, 1.3783855125151943e-09, 0.0, 0.0, 0.0]",-99.04352633002101,135.39643603568067,36.352909705659656,-2.1577097754990504,True
Sc_S4_In_C_d0,Sc_S4_In,Sc,S4,In,C,d0,62.1333333333333,0.000685527416533577,1209733.012477601,544.8475392039539,-9.034407913372476e-06,0.08333967191576623,20.664956901270337,"[0.0, 26.96188736416591, 25.074783030115807, 26.81426399659379, 29.300229867977624, 0.0, 0.15562733583397215, 1.0491028621280953, 23.0283870226051, 0.8402382351940828, 7.41943448468806e-05, 0.0035280786655591595, 0.00696348336177131]","[6.186490251399557, 0.22516199562543093, 0.04443475777919854, 0.2496477356616216, 1.0111651816072518, 0.8092703539714844, 3.51945665634622e-08, 0.03352660980501106, 0.06688182296655139, 0.00013628489584886064, 0.0, 0.0, 0.0]",-128.08381929520445,151.2121442627407,23.12832496753626,-2.4633680662659216,True
Sc_S4_In_D_d0,Sc_S4_In,Sc,S4,In,D,d0,27.2333333333333,0.000494106015666591,1417489.5520919214,278.56610454860396,-3.813702510763179e-05,0.0865644472932105,15.340595769812419,"[0.0, 66.82149810501745, 6.675187218718092, 17.156516730009315, 199.83140787962148, 0.0, 0.00012875380329304006, 3.588142905488676, 116.98424181243664, 0.682346654520754, 1.000067851307774e-12, 0.007150411583406724, 0.024456462255591525]","[3.43604637176188, 1.9550215242462032, 0.028836841078120467, 0.27305368361987264, 1.5239438227392974, 0.4501670171359278, 1.8076003107979223e-06, 0.12784222525528002, 0.13010445491491812, 1.000562680713013e-12, 0.0, 0.0, 0.0]",-112.82847192258541,135.11172937063293,22.28325744804752,-6.942661678235103,True
Sc_S5_Ex_C_d0,Sc_S5_Ex,Sc,S5,Ex,C,d0,69.7,0.000633774431515705,692504.128661914,294.23492409343515,-3.47927302125835e-05,0.11872958585776736,9.479271085985967,"[0.0, 38.73790997902951, 26.121093261421798, 42.162796945707925, 44.65337393972599, 0.0, 0.005080535577968538, 5.791463855866369, 60.41165901659105, 3.2530821127579648, 0.05301126184212549, 0.01001480159606395, 0.004336070552913501]","[4.40089646585664, 0.5521366670928581, 0.02248302768056195, 0.7418276514197345, 0.949894518623945, 0.7642340132842482, 0.0035942368888780473, 0.11834127444646286, 0.3396543690698875, 3.359187892977729e-05, 0.0, 0.0, 0.0]",-121.1503469035489,136.42508423523043,15.274737331681536,-5.795466245695568,True
Sc_S5_Ex_D_d0,Sc_S5_Ex,Sc,S5,Ex,D,d0,31.7333333333333,0.000501064719750552,474954.1666282629,342.14664892694856,-1.3471226882627047e-05,0.11816175003915093,11.968880906728936,"[0.0, 19.75884666981433, 16.79795349939055, 20.045793811076372, 20.35618385372198, 0.0, 0.17112364085284862, 6.423893450578896, 23.184524428279836, 2.4747549675372014, 0.029873911798508183, 0.008080056102195568, 0.007104023910109678]","[16.227657856456634, 0.4661690058284333, 0.0262867407864689, 0.4724673027919187, 0.42271977965936336, 0.7810275892871219, 6.840962539475738e-07, 0.15925182480189592, 0.09517010684780963, 5.137414299638819e-06, 0.0, 0.0, 0.0]",-125.6247295466806,140.04574663648836,14.421017089807762,-2.452136183078826,True
Sc_S5_In_C_d0,Sc_S5_In,Sc,S5,In,C,d0,60.0333333333333,0.000802570537683474,555960.2625697318,1265.5269333432668,-1.694262664413422e-05,0.10634967992863757,33.44092653075559,"[0.0, 18.14304839261717, 22.396244155321654, 61.751001996938356, 62.98778051093919, 0.0, 0.07987950451190934, 0.0056376151205742965, 6.233686254865381, 0.059266875522124084, 0.001016559549485701, 0.0012675094669969864, 0.0072528395232240766]","[2.5766395540286893, 0.2588451706281955, 0.03472857364448619, 1.2659964392937768, 1.2607924194088855, 1.0451481318104734, 4.850814765723712e-05, 0.006482363537830278, 0.014090775775056925, 0.00010211500688630212, 0.0, 0.0, 0.0]",-129.06989353258095,171.43785270064777,42.36795916806682,-8.927032637311228,True
Sc_S5_In_D_d0,Sc_S5_In,Sc,S5,In,D,d0,22.15,0.000412046543463382,1028800.1899243894,771.1098785567473,-3.9327445906018806e-05,0.11020417177230164,45.53650569627362,"[0.0, 10.94274381793338, 3.3141266671920366, 4.860614235661043, 42.57446810887334, 0.0, 0.13914479355102144, 0.45009854540081556, 21.394001408124673, 0.3454088623796779, 0.005244547375630287, 0.002757946853337485, 0.006254538589299518]","[1.8240174451887288, 0.11880252497147797, 0.008655810716144867, 0.06283499728251415, 0.21401155956466866, 0.8461555668159662, 0.0013459554952273813, 0.025143876179205268, 0.07155702098201543, 0.00011329270198438466, 0.0, 0.0, 0.0]",-112.38447263631312,159.54794106599792,47.1634684296848,-1.626962733411176,True
Yo_S1_Ex_C_d0,Yo_S1_Ex,Yo,S1,Ex,C,d0,42.8666666666667,0.000858886607346566,1378812.3685507262,554.5924092286864,-2.142994555730125e-05,0.10752708582057123,28.495249867136977,"[0.0, 17.692556197059314, 1.1543637755270753, 13.420223276334543, 85.83553529063549, 0.0, 0.07610253261457693, 1.1402637325229332, 50.72120851664713, 0.015565380429427757, 0.004706364949361532, 0.0033603612196051883, 0.01746884214157269]","[2.6551986917343937, 0.556639546932207, 0.008597364101838402, 0.19395540031822128, 1.5126050897231187, 0.555466080338073, 1.4426291519462882e-06, 0.08043681580589228, 0.13664985627160267, 8.534920887081016e-05, 0.0, 0.0, 0.0]",-117.94219581720654,151.63760270779505,33.695406890588515,-5.200157023451538,True
Yo_S1_Ex_D_d0,Yo_S1_Ex,Yo,S1,Ex,D,d0,27.1333333333333,0.000692105863563769,1418789.8481125832,536.2129066504193,-3.530410470065608e-05,0.10470981629667471,38.10384481333347,"[0.0, 7.8572445445631525, 0.08328709991624711, 1.0940664799363407, 26.12668406421176, 0.0, 0.07740049584270524, 6.628101999090285, 28.777150114920605, 0.388159645776837, 0.0035185722027259894, 0.005359203633474923, 0.010281282597940228]","[0.7121162987475722, 0.5234142560059838, 0.003801433960496481, 0.0668299710548981, 0.4240517089125531, 0.8213982767168831, 0.006739142645360199, 0.41546450098500987, 0.11151854055815949, 0.00028846898908286433, 0.0, 0.0, 0.0]",-111.23174094699894,150.82875110645477,39.597010159455834,-1.4931653461223675,True
Yo_S1_In_C_d0,Yo_S1_In,Yo,S1,In,C,d0,45.2666666666667,0.000788348923872538,1304211.9477583538,357.7259909785786,-2.131601115982622e-05,0.10477851638973869,26.774838373457165,"[0.0, 12.959838008558041, 2.5553172973377425, 10.561955363539731, 46.7744265469824, 0.0, 0.1173343131514302, 4.045138561635357, 30.34546205752604, 0.4548839801525732, 0.002111720288863963, 0.0014051887765201857, 0.016940748559404]","[0.9598533470222349, 0.6233202832776203, 0.024145555926093527, 0.40034613457365253, 1.7635305948303748, 0.0933432255094392, 0.00034603820137226767, 0.2122790338689437, 0.11949350273976415, 0.003992707640621293, 0.0, 0.0, 0.0]",-110.52647365481266,141.11441532032435,30.587941665511693,-3.813103292054528,True
Yo_S1_In_D_d0,Yo_S1_In,Yo,S1,In,D,d0,29.8333333333333,0.00071047227926078,1451859.791711288,563.041848857702,-5.1362941416774764e-05,0.1108787443722281,40.715325323448624,"[0.0, 4.010556810863737, 2.29670589384635, 25.56562316545084, 19.827752516722253, 0.0, 0.0024405120173831276, 0.6802639115897727, 18.756533523429383, 0.27611612555341586, 0.01609235828509964, 0.0033964053630409796, 0.008437995341505028]","[0.377282235995859, 0.3481152117717539, 0.018818326074145166, 0.7769234762606916, 0.4065672382225756, 0.09990206861171684, 9.384608640840514e-08, 0.04182374578680793, 0.07887783702140275, 1.4581398902482136e-06, 0.0, 0.0, 0.0]",-109.57172963866955,152.0004949745679,42.42876533589836,-1.7134400124497375,True
Yo_S2_Ex_C_d0,Yo_S2_Ex,Yo,S2,Ex,C,d0,58.85,0.00032460643394935,2017663.738899773,462.14878676316005,-4.359099716927028e-05,0.1338016805961358,23.072231817548282,"[0.0, 45.97642107055904, 0.1169128438592019, 6.014642231365605, 117.50726231555761, 0.0, 0.19527971845285538, 2.9329064817810493, 198.1143341508037, 0.8122408556242249, 0.010688600308979586, 0.006228617103134913, 0.020604359983028554]","[2.481889862385178, 1.2559014554796248, 0.0016243710593238992, 0.10493653984307151, 0.8199348133503692, 0.42467370113072, 9.077348234869116e-05, 0.10370510699424978, 0.4741059648773214, 1.02641233774867e-05, 0.0, 0.0, 0.0]",-112.94829760016457,147.2612853241419,34.31298772397734,-11.240755906429062,True
Yo_S2_Ex_D_d0,Yo_S2_Ex,Yo,S2,Ex,D,d0,55.7666666666667,0.000502737850787132,2384657.2483925675,385.8867799791048,-4.312357910048861e-05,0.12704017466890422,33.40974801531546,"[0.0, 15.527055519332736, 1.3903829817291464, 3.167746947801426, 38.73487670501619, 0.0, 0.0014620154872974852, 1.6056658035040003, 19.56916618741163, 0.11364563493614092, 0.014367659277934429, 0.004691869779275885, 0.027421560102327408]","[2.0331306603671746, 0.9015633272991507, 0.012432728538087558, 0.10916617914988479, 0.38384107882175084, 0.5057735407603957, 8.802355949406423e-05, 0.12038222611455139, 0.06483662200729418, 0.0003470311903239069, 0.0, 0.0, 0.0]",-108.50320391684241,142.93305624775047,34.42985233090806,-1.0201043155926044,True
Yo_S2_In_C_d0,Yo_S2_In,Yo,S2,In,C,d0,58.7,0.000483515856719142,1365184.027010021,384.2977757502471,-3.056210310896814e-05,0.12819131854751328,22.856784151509814,"[0.0, 29.74363770443357, 0.4033781538953208, 12.51306372385082, 39.094265564496105, 0.0, 1.6778202985039818, 2.7363116992629504, 46.45870585163265, 1.4174158986536725, 0.011910380822460235, 0.007698838482274023, 0.0001994264137185698]","[0.3892198390065993, 2.646271609552688, 0.0006562099662240272, 0.46315120575510316, 1.1591280265649817, 0.2506317394653984, 0.03988528255637142, 0.10876013807071042, 0.17718035462175857, 0.00028914571148944834, 0.0, 0.0, 0.0]",-115.63372688739456,142.83402503420876,27.200298146814205,-4.3435139953043915,True
Yo_S2_In_D_d0,Yo_S2_In,Yo,S2,In,D,d0,59.9666666666667,0.000492851167389155,710543.4249591255,239.99369207272062,-4.083572125355625e-05,0.1338395425961665,26.546779436774372,"[0.0, 11.366944017284133, 3.0267674475138806, 49.16375611149226, 14.082763820285258, 0.0, 0.0548561985466436, 1.4578644518097614, 24.300564352077945, 0.25453177629618556, 0.0120823097267451, 0.008119577348952117, 4.8672283310997976e-06]","[1.2726800061617132, 1.1765617312525891, 0.033811051783662775, 1.7137865211386534, 0.29385813639640906, 0.411449673301679, 0.031178632971629868, 0.1299947073795729, 0.08276999306951918, 9.5259204183161e-08, 0.0, 0.0, 0.0]",-104.44420132112268,131.53470335919013,27.090502038067456,-0.5437226012930836,True
Yo_S3_Ex_C_d0,Yo_S3_Ex,Yo,S3,Ex,C,d0,49.0333333333333,0.000576507719218192,2183957.800341622,474.06318770934627,-1.5381273812001895e-05,0.09645949098069535,34.34070072881976,"[0.0, 3.289404407102739, 2.62013490241852, 3.1137610950392562, 3.7417913509458196, 0.0, 8.269937016543711e-08, 1.2042548352474634, 4.606305469998676, 1.631472469761107e-05, 0.00017732823145997915, 0.0033162964460140593, 0.008033013519701163]","[2.5225506491407894, 0.761274089244324, 0.030604543208803636, 0.2019543063300409, 0.28742970604767787, 0.18867651770745972, 0.007940680159072405, 0.07879121643458416, 0.06218630675914206, 0.0001819307724661708, 0.0, 0.0, 0.0]",-118.4300953607284,147.87217488513883,29.44207952441043,4.898621204409331,True
Yo_S3_Ex_D_d0,Yo_S3_Ex,Yo,S3,Ex,D,d0,49.6,0.00048798387710092,2876505.4640767826,746.090467143911,-5.8556289915094366e-05,0.10882395614234264,54.2062069956508,"[0.0, 4.478018142971731, 0.5185172157682076, 0.04522674962546968, 56.86504060279444, 0.0, 0.3953577579882793, 0.4873129296740626, 8.357540440760586, 0.31988210474034573, 0.0017673904202243286, 0.0035318622745625595, 0.019240498462091277]","[0.7989361357795061, 0.023262217024490967, 0.006456803706156714, 0.01614796329422051, 0.44492774101903476, 0.4124881796080624, 1.1067954610426756e-05, 0.04172919391491005, 0.05095992750922162, 1.3995086847687293e-06, 0.0, 0.0, 0.0]",-102.23427608336115,158.75632469954644,56.52204861618529,-2.315841620534485,True
Yo_S3_In_D_d0,Yo_S3_In,Yo,S3,In,D,d0,50.8333333333333,0.000742299794661191,2049187.531896259,380.6906841621932,-9.689553721729234e-05,0.1214845665901345,31.7059781188703,"[0.0, 11.77096852954775, 0.6440722445457625, 17.831488615806155, 23.946102185412624, 0.0, 0.03943640323907763, 1.8843252629454752, 46.1674369876063, 0.0035489894774418016, 0.0006597379151828716, 2.697956444846341e-05, 0.0010297151657313152]","[1.4106493482006024, 0.9904452612280968, 0.0161730563238165, 0.5339907555102461, 0.39620590267928196, 0.13116973617593355, 0.025096590408177546, 0.1441369028247552, 0.15629874136669164, 0.005529008556683633, 0.0, 0.0, 0.0]",-106.83496331912455,142.6076926272778,35.772729308153245,-4.066751189282947,True
Yo_S4_Ex_C_d0,Yo_S4_Ex,Yo,S4,Ex,C,d0,37.1333333333333,0.000551334702258727,3220563.882623373,621.254976738563,-4.55680412147107e-05,0.1262872393620827,42.22617492921158,"[0.0, 3.3787603146154668, 1.0948299694705346, 36.86977403001888, 36.75789246955081, 0.0, 0.00023273723146878186, 0.7665843359680797, 9.923319681872218, 0.2865005685051303, 0.0009307386536736139, 0.003285621534341997, 0.007675259484478545]","[0.49447414303277387, 0.22470479132771612, 0.012253510446299359, 1.2658816835901394, 0.4504294552349685, 0.7139944571232744, 0.00010903716733370099, 0.058577098216977985, 0.04213370260919617, 0.0003325600897997429, 0.0, 0.0, 0.0]",-111.13091921980067,154.36179811741277,43.2308788976121,-1.00470396840052,True
Yo_S4_Ex_D_d0,Yo_S4_Ex,Yo,S4,Ex,D,d0,12.1,0.000283747813521941,2581713.4416780714,484.60271959480485,-4.3680272729535084e-05,0.10538879055230964,34.51939808517528,"[0.0, 11.097088721848671, 1.1796707654278336, 16.040761979474656, 11.685212928073266, 0.0, 0.004527397560414922, 1.8855184208046682, 53.643542445632605, 0.45740745001817495, 3.5505050198708983e-06, 0.0043367153081309805, 0.00971516594308482]","[0.35842354236075363, 1.104734286368411, 0.01623050715567787, 0.7645596051874297, 0.2170033615609367, 0.7396950802910166, 4.857593414686533e-05, 0.10111668120910527, 0.17624358876121896, 7.561629334910534e-05, 0.0, 0.0, 0.0]",-110.12269381603599,148.3999060897712,38.277212273735216,-3.7578141885599337,True
Yo_S4_In_C_d0,Yo_S4_In,Yo,S4,In,C,d0,48.9666666666667,0.00064103734124268,2121783.401652141,790.5047046000252,-6.61105523070063e-05,0.1406981158231279,42.24917015819322,"[0.0, 8.147806366511702, 2.011533404364159, 14.326893141110142, 17.408675785305917, 0.0, 0.004046169521425835, 1.7946085280615671, 11.056497043456615, 0.6549027866529735, 0.013765157920963774, 0.0015941923880130352, 0.0018586572709214993]","[0.24628569779105441, 0.5354201861456982, 0.013638602828359722, 0.8761096000032036, 0.4957645230258454, 0.051003777369967154, 0.002182471992920888, 0.0544053348468551, 0.010552256308614389, 0.0014081726084611266, 0.0, 0.0, 0.0]",-114.75411441979907,160.14411859331997,45.39000417352091,-3.140834015327684,True
Yo_S4_In_D_d0,Yo_S4_In,Yo,S4,In,D,d0,27.6,0.000197885770781048,1361736.6256696328,455.07793573161695,-8.97321794879098e-05,0.12697145130344087,32.55174670998473,"[0.0, 9.335935502502421, 3.320395423427407, 9.073533977503207, 6.962786028451737, 0.0, 0.004889009239188629, 2.407423438372479, 30.29841623156164, 0.6017550803315919, 8.520174751883752e-05, 0.004554365669690492, 1.540074236047459e-05]","[0.3086543264214393, 2.1807683181260478, 0.043076124574290595, 0.689164483910671, 0.22668453307677588, 0.16607618649025552, 0.007276743101900171, 0.1079109410980928, 0.07827338108866108, 4.4761150512219166e-06, 0.0, 0.0, 0.0]",-113.68607183261543,146.8912485985245,33.20517676590907,-0.6534300559243462,True
Yo_S5_Ex_C_d0,Yo_S5_Ex,Yo,S5,Ex,C,d0,54.8,0.000379192334017796,2566402.016881106,1204.7465892469297,-3.523164002885738e-05,0.15750881824691637,46.918569085813715,"[0.0, 15.067529681780481, 0.1822892455114125, 0.640085000374542, 26.045795923508965, 0.0, 0.001139324138805154, 2.841499366758167, 26.438005816335483, 2.2298798052513233, 0.003108195692439344, 0.002493582704910766, 0.0039594192192357386]","[0.256256647504317, 0.7637753065178311, 0.00020498005858921942, 0.018287977398732842, 0.6083120618692054, 0.8393353654262574, 1.1581948433945494e-05, 0.08310813003993953, 0.061378956803399956, 0.005059468644327015, 0.0, 0.0, 0.0]",-120.33864259457131,170.2565885862864,49.91794599171509,-2.9993769059013715,True
Yo_S5_Ex_D_d0,Yo_S5_Ex,Yo,S5,Ex,D,d0,25.25,0.000223305954825462,3021825.2203656286,736.2063744976563,-9.245299682636561e-06,0.1536943725648643,52.428146726080286,"[0.0, 2.8299273598383707, 1.8228751301214812, 0.30723775871154974, 2.7397439552924, 0.0, 0.042309313314614475, 1.741318507222209, 9.696574287721544, 1.414390714074564, 0.012014384034654572, 0.006434283395448916, 7.149544330928466e-06]","[0.09508371227724462, 0.49318558733569656, 0.02466759132092207, 0.005657947280335503, 0.12568034010635512, 0.16091117068614055, 0.0031664496061274586, 0.062167007612465484, 0.10831307979399128, 4.448648984931756e-05, 0.0, 0.0, 0.0]",-109.55958247602197,158.436251509363,48.87666903334102,3.551477692739269,True
Yo_S5_In_C_d0,Yo_S5_In,Yo,S5,In,C,d0,51.5333333333333,0.000613658833371359,959563.832222081,745.3325334131204,-6.20024016823989e-05,0.11646733677838114,39.97969091126939,"[0.0, 12.110809859279442, 1.1354184135432912, 17.069038592104015, 33.79420510113788, 0.0, 0.013052943908330327, 1.035343758650129, 26.046508176163336, 0.31770117683310395, 0.008188477515214166, 0.0027093254225149166, 0.00830388463044922]","[0.5889389839057902, 0.681817758950351, 0.006525986501429853, 0.5558112675910016, 0.35013617030206956, 0.6362490259405981, 2.7272862431008057e-05, 0.039049399717186455, 0.050467785479813794, 8.82643894731425e-07, 0.0, 0.0, 0.0]",-114.28464964173567,158.73193133683424,44.44728169509857,-4.467590783829181,True
Yo_S5_In_D_d0,Yo_S5_In,Yo,S5,In,D,d0,24.0666666666667,0.000291010723248916,1154856.4403707804,794.3953622421861,-0.00011309402020741252,0.12656248124041858,50.68882960379316,"[0.0, 4.9417378525396005, 0.4090069568665572, 10.917700166800099, 2.4369523350456657, 0.0, 0.006883250119176443, 0.7312209713558663, 27.421346886729395, 0.013047290170021823, 0.007641759227616814, 0.00240533904019858, 1.584410521782457e-05]","[0.3120157795444081, 0.8094362352511482, 0.006191915672923001, 0.6455788105966296, 0.07346022571882568, 0.06224810561855435, 0.010800895618433172, 0.057811175283973185, 0.10303385058142216, 1.5414455472635775e-06, 0.0, 0.0, 0.0]",-106.68105969481405,160.26195059160497,53.58089089679092,-2.8920612929977594,True
