subset,relationship,c,n_valid,pearson_r,pearson_p,spearman_rho,spearman_p,slope,intercept,r2
all,S_Ftot vs dominant_real_eigenvalue,0.001,59.0,-0.23314510184269635,0.0755544837519573,-0.12969023962594975,0.32758094755241285,-8.968061633587492e-08,8.882779006720368e-06,0.054356638513241254
all,S_Ftot vs dominant_real_eigenvalue,0.0025,58.0,-0.23665859408894035,0.07367824041613522,-0.1492817373650374,0.2633842810389766,-2.1708896213860396e-07,2.174700764960474e-05,0.05600729015615386
all,S_Ftot vs dominant_real_eigenvalue,0.005,59.0,-0.2257497203548704,0.08558057681053856,-0.15201636469900645,0.25040292349796317,-3.730050044270228e-07,3.5009181693790116e-05,0.050962936240302174
all,S_Ftot vs dominant_real_eigenvalue,0.0075,59.0,-0.21688330237200787,0.09894856601407485,-0.14523670368205732,0.27240234487318543,-4.6690061329338265e-07,4.0514956069882875e-05,0.04703836684778775
all,S_Ftot vs dominant_real_eigenvalue,0.01,59.0,-0.20862236492853645,0.11281303736297318,-0.1448275862068966,0.27376984111400954,-5.589654746312055e-07,4.58437833429352e-05,0.043523291148375436
all,S_Ftot vs dominant_real_eigenvalue,0.015,59.0,-0.20027410433382428,0.12829121283070882,-0.13302162478082993,0.3152007505618122,-7.378789169056546e-07,5.650917021884896e-05,0.04010971686671552
all,S_Ftot vs dominant_real_eigenvalue,0.02,59.0,-0.1985505609217716,0.13167791769260243,-0.13302162478082993,0.3152007505618122,-9.144314437045344e-07,6.799229476979123e-05,0.039422325242350134
all,S_Ftot vs dominant_real_eigenvalue,0.03,58.0,-0.19613551358275946,0.14005627400809686,-0.12405795318219572,0.35350037607078755,-1.2367792681027207e-06,8.808785920897323e-05,0.03846913968837281
all,S_Ftot vs dominant_real_eigenvalue,0.05,59.0,-0.19556730593768545,0.13769868371509683,-0.13302162478082993,0.3152007505618122,-1.8192531344980445e-06,0.000123341630085513,0.03824657115172422
all,S_Ftot vs reactivity,0.001,59.0,0.5355740872209146,1.2370305559611042e-05,0.5338983050847459,1.3325137807094392e-05,0.0006096614731000969,0.06954056881280558,0.2868396029025155
all,S_Ftot vs reactivity,0.0025,58.0,0.552738569163294,6.82669000225404e-06,0.5797471469439233,1.852176540086763e-06,0.0005596089004115669,0.06720430598225828,0.3055199258406853
all,S_Ftot vs reactivity,0.005,59.0,0.48153737328514123,0.00011284874524391232,0.46715371127995325,0.0001914435498753259,0.0004948542987510909,0.06316536249302092,0.2318782418703532
all,S_Ftot vs reactivity,0.0075,59.0,0.4081418624829785,0.0013324210498883876,0.38328462887200476,0.00273173463840879,0.00046404645051296317,0.05584160512089044,0.1665797799110746
all,S_Ftot vs reactivity,0.01,59.0,0.3434436702352836,0.007741666612723723,0.30292226767971947,0.01969587648544634,0.00043108572986633403,0.050962783343557666,0.11795355462468227
all,S_Ftot vs reactivity,0.015,59.0,0.31153835654743134,0.016311107534725304,0.2856808883693747,0.028283022304557814,0.0004295450432253942,0.03427162086156291,0.09705614760027442
all,S_Ftot vs reactivity,0.02,59.0,0.30618272525549517,0.018350742755377663,0.2732904734073641,0.03623148217615676,0.0004418889136852023,0.019932501884657117,0.09374786124488217
all,S_Ftot vs reactivity,0.03,58.0,0.3241552076595351,0.013050767224533789,0.3296625549847735,0.011502253562190819,0.0004789088828618212,-0.0029734015661924684,0.10507659865279617
all,S_Ftot vs reactivity,0.05,59.0,0.36181722717728093,0.00486573714973497,0.40683810637054363,0.0013854565014276793,0.0005353577671508778,-0.032403034859242744,0.13091170588225604
all,S_full vs dominant_real_eigenvalue,0.001,58.0,-0.3826328824228636,0.0030335926064693325,-0.3264634408932911,0.012381194077839709,-1.2785482370937609e-07,-3.5912219012063433e-07,0.14640792271122896
all,S_full vs dominant_real_eigenvalue,0.0025,59.0,-0.4075065865707579,0.001358031325286929,-0.38164815897136184,0.0028585212749449615,-3.3790066306232526e-07,7.304365255721674e-08,0.1660616180985507
all,S_full vs dominant_real_eigenvalue,0.005,58.0,-0.39966553613627104,0.0018826237231137544,-0.36429911716755364,0.004933637373086131,-5.94165314554844e-07,-1.5431337522423498e-06,0.15973254077509288
all,S_full vs dominant_real_eigenvalue,0.0075,59.0,-0.4159749844327243,0.0010504081058946525,-0.40134424313267103,0.0016303639341458966,-8.073123998107238e-07,-3.2305348473192396e-06,0.17303518767380513
all,S_full vs dominant_real_eigenvalue,0.01,59.0,-0.41988542252378525,0.0009308141298165663,-0.384979544126242,0.0026057148225781973,-1.0464026726445897e-06,-4.1325605712758476e-06,0.1763037680479777
all,S_full vs dominant_real_eigenvalue,0.015,57.0,-0.43542251508939317,0.0007113996808381703,-0.4236453201970444,0.0010244755717627341,-1.452770504382482e-06,-6.6654298361225716e-06,0.1895927666467727
all,S_full vs dominant_real_eigenvalue,0.02,57.0,-0.42714774754523194,0.0009204312301677125,-0.394866476536168,0.0023681841223380773,-1.8721445448185693e-06,-9.75554023249538e-06,0.18245519823296505
all,S_full vs dominant_real_eigenvalue,0.03,58.0,-0.41852319890976897,0.0010774563290154465,-0.37691100925897447,0.003541294875987898,-2.607368385258008e-06,-1.365122463829738e-05,0.17516166802566613
all,S_full vs dominant_real_eigenvalue,0.05,59.0,-0.43236872149970884,0.0006266404338269644,-0.37895967270601993,0.0030781899039680673,-4.1533098379919735e-06,-1.255669053435617e-05,0.18694271133129303
all,S_full vs reactivity,0.001,58.0,0.5897427466384922,1.108882669203367e-06,0.6006029099633948,6.225674826322091e-07,0.0005798072035324249,0.14164332706234978,0.347796507212713
all,S_full vs reactivity,0.0025,59.0,0.6698828948452731,6.54727773087199e-09,0.7095850379894799,3.144362853318912e-10,0.000616181253805772,0.13110546810501825,0.4487430928062832
all,S_full vs reactivity,0.005,58.0,0.5714219916588404,2.8033928704707063e-06,0.5588913839244517,5.1227698797300314e-06,0.0005270480992587246,0.1201889721129816,0.32652309255135564
all,S_full vs reactivity,0.0075,59.0,0.5466696446518732,7.484498628816747e-06,0.5461133839859732,7.678711441453755e-06,0.0005603396495394168,0.1072892253197686,0.29884770038380515
all,S_full vs reactivity,0.01,59.0,0.44393556998080946,0.0004283767527874385,0.4223845704266511,0.0008609602052923619,0.0005182890069992464,0.0990477574380286,0.19707879029418607
all,S_full vs reactivity,0.015,57.0,0.4109196190316417,0.0014975120532544238,0.3848198081410423,0.0031196183765489316,0.0005184169886751634,0.08268316697031636,0.16885493330510942
all,S_full vs reactivity,0.02,57.0,0.37347723282165163,0.004215629232673771,0.3411978221415608,0.009394099007323659,0.0005082763934778013,0.07109174901049325,0.1394852434361181
all,S_full vs reactivity,0.03,58.0,0.36765179171551526,0.004523057016529236,0.34762681103694365,0.007500523899356484,0.0005366186145403292,0.05280958794190293,0.13516783995162862
all,S_full vs reactivity,0.05,59.0,0.3639304638720034,0.004604709240398728,0.3812390414962011,0.002891023652071442,0.000556053349763741,0.03236451745137172,0.13244538253409158
all,S_full vs total_flux,0.001,58.0,0.7731963953281477,1.137899333927404e-12,0.8311236888246333,6.775935119662088e-16,14.607681432940453,89.8422069523537,0.5978326657484415
all,S_full vs total_flux,0.0025,59.0,0.7527272146066706,6.185560142751815e-12,0.8087668030391585,9.341567249028243e-15,15.166165489186122,83.74730490874083,0.5665982596095164
all,S_full vs total_flux,0.005,58.0,0.7417680655786779,2.714692382621266e-11,0.8300778246024179,7.936324304382822e-16,15.600780308968176,85.11496756534041,0.550219863112334
all,S_full vs total_flux,0.0075,59.0,0.7025365843986223,5.588227405341398e-10,0.8004675628287552,2.7770485675107705e-14,15.520583863149756,103.80021520901244,0.49355765241848276
all,S_full vs total_flux,0.01,59.0,0.7039240237134878,4.996754290387386e-10,0.7932203389830509,6.90236216653834e-14,16.73336553917168,82.41608692960062,0.4955090311609876
all,S_full vs total_flux,0.015,57.0,0.6744279235317107,8.836149136202622e-09,0.7918719211822661,2.221988294627228e-13,17.184199384997214,109.81257245236577,0.4548530240392951
all,S_full vs total_flux,0.02,57.0,0.6575264280641092,2.7528102360106624e-08,0.7865569095151672,4.122833697362797e-13,18.624131773973378,89.2571308041554,0.4323410036027462
all,S_full vs total_flux,0.03,58.0,0.6418188910353093,5.65401439621667e-08,0.7969177766157065,7.275994789739774e-14,21.643447048108765,39.070344560073636,0.4119314888897941
all,S_full vs total_flux,0.05,59.0,0.6290872214027392,9.493688568687883e-08,0.8090590298071305,8.98135001756499e-15,27.583416140199347,-60.81099442463562,0.3957507321322192
all,S_het vs dominant_real_eigenvalue,0.001,59.0,-0.3794032022344393,0.0030409494638712685,-0.48182349503214505,0.00011164173946635746,-2.2893038075057212e-07,-3.0560416736164354e-05,0.14394678986574672
all,S_het vs dominant_real_eigenvalue,0.0025,58.0,-0.3541167958433704,0.006388435838577486,-0.4706696607093421,0.0001926193239275183,-5.214754605664939e-07,-7.031806419236712e-05,0.1253987050983753
all,S_het vs dominant_real_eigenvalue,0.005,59.0,-0.4006820735795822,0.001662358992229255,-0.5271770894213911,1.7884319271798185e-05,-1.0137454958908175e-06,-0.00013709785291196892,0.1605461240880339
all,S_het vs dominant_real_eigenvalue,0.0075,59.0,-0.4223066522064573,0.0008630645906949523,-0.5630040911747517,3.4545709841018804e-06,-1.4149531182959806e-06,-0.0001922805437907147,0.17834290849782575
all,S_het vs dominant_real_eigenvalue,0.01,59.0,-0.4066652736975294,0.0013926275512796407,-0.5175920514319112,2.692108701213266e-05,-1.6692312166068982e-06,-0.00023154352404655066,0.16537664483148645
all,S_het vs dominant_real_eigenvalue,0.015,59.0,-0.4087266023021541,0.0013092322343285921,-0.5022793687901813,5.046492368979609e-05,-2.4462924249419216e-06,-0.00033910236686644725,0.16705743542946314
all,S_het vs dominant_real_eigenvalue,0.02,59.0,-0.37992488083888565,0.002997659560704349,-0.5125657510227937,3.3198285093778944e-05,-2.6238315088021577e-06,-0.00037743061540373074,0.14434291508044153
all,S_het vs dominant_real_eigenvalue,0.03,58.0,-0.37803750185109997,0.0034357744479793207,-0.445630440801009,0.0004556284118990424,-3.839074855791299e-06,-0.0005558474709734032,0.14291235280582062
all,S_het vs dominant_real_eigenvalue,0.05,59.0,-0.3691352974140153,0.004013734230045611,-0.4624780829924021,0.0002262021399830544,-6.212638049362746e-06,-0.000906945033389742,0.13626086779693364
all,S_het vs reactivity,0.001,59.0,0.2604630391772471,0.04632900284530572,0.33471654003506723,0.009563971660352812,0.0004650990458081299,0.2132882663617409,0.06784099477744814
all,S_het vs reactivity,0.0025,58.0,0.21465726334481652,0.10563716209927322,0.20883447660647822,0.11566891676833628,0.0003488850176478867,0.1906575579804047,0.04607774070668584
all,S_het vs reactivity,0.005,59.0,0.24864231750292895,0.05757311151605729,0.24202220923436593,0.06477716809917726,0.0003912586754516517,0.18220742508128504,0.061823002053227286
all,S_het vs reactivity,0.0075,59.0,0.23870926434037087,0.06864490126626721,0.23261250730566924,0.07624383448665158,0.0004224111648196239,0.17424155251076373,0.05698211288192107
all,S_het vs reactivity,0.01,59.0,0.15050879668974243,0.25518716483136156,0.12168322618351841,0.35857373266687753,0.0002894178438315666,0.1496104204488773,0.022652897880994206
all,S_het vs reactivity,0.015,59.0,0.1319840920276546,0.31902394974942117,0.13424897720631213,0.31071608538217216,0.0002956200855637298,0.1339944935689339,0.017419800548364398
all,S_het vs reactivity,0.02,59.0,0.08959239484000751,0.49979838322747905,0.10911747516072474,0.41069299056850117,0.00019389282636958122,0.1103782591510738,0.008026797213167805
all,S_het vs reactivity,0.03,58.0,0.09342289185898277,0.48547295667689866,0.10640130425420655,0.42664331038890546,0.00022228437292279977,0.09780149822961073,0.008727836723295182
all,S_het vs reactivity,0.05,59.0,0.04771022297141624,0.7197203100642731,0.032729398012857985,0.8056155003610146,0.00012772029451509802,0.06825706208696052,0.0022762653759822553
control_only,S_Ftot vs dominant_real_eigenvalue,0.001,29.0,-0.15546189415438144,0.4206604658864651,-0.15812807881773394,0.41263703382935113,-2.63578471725319e-08,9.005111230966565e-07,0.02416840053406809
control_only,S_Ftot vs dominant_real_eigenvalue,0.0025,28.0,-0.23922768702101777,0.22017660258254518,-0.20306513409961688,0.30002598489473004,-8.214842842777858e-08,5.442236822256172e-06,0.05722988623742603
control_only,S_Ftot vs dominant_real_eigenvalue,0.005,29.0,-0.16867999215381982,0.3817345866027681,-0.18965517241379307,0.3244373193243404,-1.3284628381412552e-07,5.462672475346594e-06,0.028452939753012715
control_only,S_Ftot vs dominant_real_eigenvalue,0.0075,29.0,-0.19893243250267884,0.3008805390730523,-0.18916256157635464,0.3257189660095857,-2.0377615710458334e-07,9.910660153545684e-06,0.03957411270143291
control_only,S_Ftot vs dominant_real_eigenvalue,0.01,29.0,-0.2042968616752941,0.28776316313259004,-0.20344827586206893,0.289813551924768,-2.6483460753584586e-07,1.2980982891538827e-05,0.04173720769037425
control_only,S_Ftot vs dominant_real_eigenvalue,0.015,29.0,-0.20518027380761786,0.2856384555737129,-0.1926108374384236,0.31681260682710827,-3.756034601301079e-07,1.8014909036297693e-05,0.042098944759769025
control_only,S_Ftot vs dominant_real_eigenvalue,0.02,29.0,-0.2079004658250083,0.27915905352085285,-0.2029556650246305,0.29100806360578235,-4.857384618616059e-07,2.380450479126878e-05,0.04322260369025539
control_only,S_Ftot vs dominant_real_eigenvalue,0.03,29.0,-0.22036121061580113,0.2506915047244931,-0.2177339901477832,0.2565281594462969,-7.268963106100813e-07,4.0216884059323776e-05,0.04855906314406149
control_only,S_Ftot vs dominant_real_eigenvalue,0.05,29.0,-0.24443634627967442,0.2012782502496992,-0.24384236453201966,0.20241002321290213,-1.2351782874099304e-06,8.136496604367849e-05,0.05974912738255689
control_only,S_Ftot vs reactivity,0.001,29.0,0.5520689349583752,0.0019031540303639442,0.5620689655172413,0.001507545665513187,0.000666186331587879,0.05761598599188526,0.30478010894607493
control_only,S_Ftot vs reactivity,0.0025,28.0,0.6002383512926697,0.000733572672093215,0.6327312534209085,0.00030259827253390035,0.0006344357979147152,0.052223792434664684,0.36028607836254256
control_only,S_Ftot vs reactivity,0.005,29.0,0.47838547575756313,0.008664323395334253,0.4763546798029556,0.008993422356371817,0.000557862237548128,0.05066614821778809,0.22885266341579003
control_only,S_Ftot vs reactivity,0.0075,29.0,0.3968833413075461,0.033031250331355885,0.3467980295566502,0.0653163078422845,0.0005383023497481445,0.04202222673426054,0.15751638660744238
control_only,S_Ftot vs reactivity,0.01,29.0,0.345823383888197,0.06612709676621552,0.28620689655172404,0.13228183277846606,0.0005235955450796126,0.034307475186073105,0.1195938128438833
control_only,S_Ftot vs reactivity,0.015,29.0,0.3072625897538901,0.10493744198613023,0.2556650246305418,0.18069770262548018,0.0005222069204279734,0.01857956260451113,0.0944102990622674
control_only,S_Ftot vs reactivity,0.02,29.0,0.3088294202570964,0.10308656155674112,0.23990147783251226,0.21002978051388488,0.0005520055021328042,0.001963536433276916,0.09537561081633428
control_only,S_Ftot vs reactivity,0.03,29.0,0.33920181462537413,0.07184426961369653,0.29211822660098513,0.12412952629052428,0.0006263950016333399,-0.02658302869915695,0.11505787104514671
control_only,S_Ftot vs reactivity,0.05,29.0,0.3948236811463042,0.034036284609336505,0.36502463054187184,0.05153086061918524,0.0007377813674757833,-0.06443722350201538,0.15588573919391846
control_only,S_full vs dominant_real_eigenvalue,0.001,28.0,-0.34778081586771525,0.0697599012887237,-0.3305966064586754,0.08574375913006747,-5.122751249232268e-08,-1.594978605315518e-06,0.12095149588561366
control_only,S_full vs dominant_real_eigenvalue,0.0025,29.0,-0.422381364347255,0.02245707659103456,-0.42315270935960586,0.022186734863098318,-1.6408141957191266e-07,-2.5955786424455745e-06,0.17840601694784866
control_only,S_full vs dominant_real_eigenvalue,0.005,28.0,-0.3366566944820104,0.07981744162295276,-0.35467980295566504,0.06403291994997143,-2.394619438700978e-07,-7.402084238864682e-06,0.11333772993955374
control_only,S_full vs dominant_real_eigenvalue,0.0075,29.0,-0.3902546673944029,0.03635384418974733,-0.45172413793103444,0.01389684897328752,-3.7694725542451904e-07,-9.627403909989407e-06,0.15229870542311616
control_only,S_full vs dominant_real_eigenvalue,0.01,29.0,-0.3747685230558049,0.045167142036678876,-0.4142857142857142,0.025460715099270042,-4.637220713290029e-07,-1.3399799103394719e-05,0.1404514458734293
control_only,S_full vs dominant_real_eigenvalue,0.015,28.0,-0.38481918968935386,0.043170185149732775,-0.4236453201970443,0.02467166267231232,-6.768975263813841e-07,-1.9527550536201426e-05,0.14808580875317087
control_only,S_full vs dominant_real_eigenvalue,0.02,27.0,-0.3838604690437685,0.04807713954884778,-0.45054945054945056,0.01835230564554986,-8.947568452676049e-07,-2.48678928659156e-05,0.14734885969450193
control_only,S_full vs dominant_real_eigenvalue,0.03,28.0,-0.3723070041783048,0.05105301084387285,-0.3891625615763547,0.04067218138297284,-1.2397182923103489e-06,-3.4694133544167346e-05,0.13861250536022432
control_only,S_full vs dominant_real_eigenvalue,0.05,29.0,-0.3782961344705666,0.04302373254949384,-0.38325123152709356,0.040150701713206775,-2.0456471352836776e-06,-4.6657904014782883e-05,0.143107965355373
control_only,S_full vs reactivity,0.001,28.0,0.5674790427442814,0.0016358971693871622,0.5626710454296661,0.0018276525021914,0.0006002389155814515,0.14002885017313524,0.32203246395396623
control_only,S_full vs reactivity,0.0025,29.0,0.7095972358113093,1.629496211589261e-05,0.6788177339901476,5.164831416942365e-05,0.0007333494910717448,0.1268576463116446,0.5035282370710509
control_only,S_full vs reactivity,0.005,28.0,0.5695138726218792,0.0015601406339962878,0.5117679255610289,0.0053733948986962755,0.0005985727797112779,0.11692603146838687,0.32434605110876985
control_only,S_full vs reactivity,0.0075,29.0,0.5673093444949832,0.0013303361941190525,0.5231527093596058,0.0035910372461089093,0.0007255511709035752,0.10184709807252361,0.32183989235132787
control_only,S_full vs reactivity,0.01,29.0,0.4753341861508452,0.009162729474463999,0.41576354679802946,0.024889235015277397,0.0006869454565504488,0.09344632134164098,0.22594258852368632
control_only,S_full vs reactivity,0.015,28.0,0.46065531505475965,0.013628242356432296,0.3842364532019705,0.04351441292729121,0.0007466694606456204,0.07668794916917146,0.21220331928819997
control_only,S_full vs reactivity,0.02,27.0,0.41749837049215466,0.030250853155433532,0.358974358974359,0.06593577263327197,0.0007353428163179584,0.06603976961947652,0.17430488936360444
control_only,S_full vs reactivity,0.03,28.0,0.41739732218419384,0.02710886782960129,0.348111658456486,0.06947653701825968,0.0007740090745856185,0.04747098605353464,0.17422052456653572
control_only,S_full vs reactivity,0.05,29.0,0.4221550039376344,0.02253692190809883,0.37684729064039396,0.04389403567904558,0.0008441728574485317,0.02526432206972694,0.17821484734958415
control_only,S_full vs total_flux,0.001,28.0,0.8458082459598604,1.4529371682547819e-08,0.8451012588943623,1.5354674255319797e-08,17.099258207966272,75.85691577327464,0.7153915889336957
control_only,S_full vs total_flux,0.0025,29.0,0.8157747930856571,6.965777676012164e-08,0.824630541871921,3.788076256745082e-08,18.27184094516266,54.762928992549405,0.6654885130339465
control_only,S_full vs total_flux,0.005,28.0,0.8478623342364546,1.2355328238821746e-08,0.8762999452654625,9.926292693367841e-10,18.635395897010323,50.97706990543065,0.7188705378168894
control_only,S_full vs total_flux,0.0075,29.0,0.7775417678085346,6.959965426408463e-07,0.7980295566502461,2.1536746921636076e-07,18.748849171565784,67.56512227281291,0.6045712006868215
control_only,S_full vs total_flux,0.01,29.0,0.7754488864295399,7.792014581094274e-07,0.8009852216748766,1.7985816418808696e-07,19.617216183172275,63.21352770617284,0.6013209754648134
control_only,S_full vs total_flux,0.015,28.0,0.7774160852971008,1.1340893856783762e-06,0.8078817733990148,2.0165678563422566e-07,21.30426351335178,49.588574917266214,0.6043757696786694
control_only,S_full vs total_flux,0.02,27.0,0.7695526583684861,2.7060794464884263e-06,0.793040293040293,8.104509343266653e-07,23.042829581021035,44.96072451385396,0.5922112940020039
control_only,S_full vs total_flux,0.03,28.0,0.7519299324107185,3.963142748278336e-06,0.8133552271483305,1.4317140785503235e-07,26.011981515296533,-16.412322634209545,0.5653986232551872
control_only,S_full vs total_flux,0.05,29.0,0.7700396682831933,1.0376261355320265e-06,0.8334975369458125,1.9880734902615305e-08,34.42329257947479,-199.42476772933514,0.5929610907296903
control_only,S_het vs dominant_real_eigenvalue,0.001,29.0,-0.5495422009678144,0.002016288506988115,-0.38768472906403934,0.03771209265468036,-1.4406428777518226e-07,-2.002420074019049e-05,0.3019966306445497
control_only,S_het vs dominant_real_eigenvalue,0.0025,28.0,-0.3523231232694433,0.0659466189414157,-0.2835249042145594,0.14372234916133209,-2.118801080967898e-07,-3.207657523194802e-05,0.1241315831903353
control_only,S_het vs dominant_real_eigenvalue,0.005,29.0,-0.6016586664096065,0.0005554128552156939,-0.447783251231527,0.014857089682693374,-7.153349284713241e-07,-9.939397435651935e-05,0.3619931508657862
control_only,S_het vs dominant_real_eigenvalue,0.0075,29.0,-0.4929042003483134,0.006594101985407782,-0.4310344827586206,0.019574157124669908,-7.592793451772072e-07,-0.00011128179845496428,0.24295455072101022
control_only,S_het vs dominant_real_eigenvalue,0.01,29.0,-0.38951236262859923,0.03674206099040608,-0.38472906403940876,0.03932421002115053,-7.617233221310516e-07,-0.00011847830439712674,0.1517198806405133
control_only,S_het vs dominant_real_eigenvalue,0.015,29.0,-0.35297768188295775,0.06035399953085055,-0.3290640394088669,0.0813279351390293,-1.0699508549657086e-06,-0.00016805499311682586,0.1245932439074666
control_only,S_het vs dominant_real_eigenvalue,0.02,29.0,-0.34649982280841357,0.06556355520078364,-0.3487684729064039,0.06370075962626161,-1.139911100551942e-06,-0.00018935407217966787,0.120062127206262
control_only,S_het vs dominant_real_eigenvalue,0.03,29.0,-0.29825422501110604,0.11606476239982084,-0.2571428571428571,0.17810318213701742,-1.5658372836960874e-06,-0.00026508716305400466,0.0889555827369754
control_only,S_het vs dominant_real_eigenvalue,0.05,29.0,-0.210414518524338,0.2732551792928538,-0.17881773399014775,0.35334755973811516,-2.1223256696482646e-06,-0.0003794174992127815,0.044274269605828996
control_only,S_het vs reactivity,0.001,29.0,0.2804065780690198,0.1406545721795591,0.26009852216748763,0.17299282581121347,0.000523190575786385,0.21926916201561764,0.07862784902437733
control_only,S_het vs reactivity,0.0025,28.0,0.19202800222445743,0.3276094744020461,0.09742747673782157,0.6218646554725848,0.00035545917096782125,0.19002944354882267,0.03687475363831626
control_only,S_het vs reactivity,0.005,29.0,0.3457014694087035,0.06622906277847498,0.280295566502463,0.14081847701092023,0.0006085883309602627,0.2072142777563522,0.11950950595133668
control_only,S_het vs reactivity,0.0075,29.0,0.31970002226875877,0.09091245299478391,0.32758620689655166,0.08278682478282431,0.0006520747203514308,0.2013614207895919,0.10220810423864482
control_only,S_het vs reactivity,0.01,29.0,0.2531969482887004,0.18508952473805632,0.24187192118226594,0.20619579491974405,0.0005783130854993784,0.18339592283512743,0.06410869462271081
control_only,S_het vs reactivity,0.015,29.0,0.2269610448027434,0.23641752012368744,0.2645320197044334,0.16552253284806523,0.0006387146276927482,0.17558436286541323,0.05151131585795292
control_only,S_het vs reactivity,0.02,29.0,0.16256946935619185,0.3994632538339274,0.2157635467980295,0.26096364162004854,0.0004091519861984997,0.13715442573672146,0.02642883236675379
control_only,S_het vs reactivity,0.03,29.0,0.14615154626590263,0.4493458454614648,0.2576354679802955,0.17724418226448452,0.0004295524905097993,0.12449934807539022,0.021360274475914275
control_only,S_het vs reactivity,0.05,29.0,0.13841777222356763,0.47394655477582515,0.22709359605911325,0.2361365143925782,0.0005162841635316426,0.11835320776017581,0.01915947966733545
drought_only,S_Ftot vs dominant_real_eigenvalue,0.001,30.0,-0.3337026744864252,0.07152057616487104,-0.2640711902113459,0.15851210221673628,-1.5315450888187063e-07,1.6770770740447488e-05,0.1113574749593931
drought_only,S_Ftot vs dominant_real_eigenvalue,0.0025,30.0,-0.3296410341258445,0.07525644415262207,-0.2551724137931034,0.1735442551180174,-3.62926627470165e-07,3.95518600533026e-05,0.10866321137955633
drought_only,S_Ftot vs dominant_real_eigenvalue,0.005,30.0,-0.32043381773071433,0.08428159213788583,-0.2631813125695217,0.15997190124104096,-6.264392756212902e-07,6.608145872814852e-05,0.10267783154548062
drought_only,S_Ftot vs dominant_real_eigenvalue,0.0075,30.0,-0.3038215383837101,0.10262969950277656,-0.24582869855394882,0.19038286009853816,-7.703758862063474e-07,7.66903716600676e-05,0.09230752718584417
drought_only,S_Ftot vs dominant_real_eigenvalue,0.01,30.0,-0.29195646036477957,0.11746762901413864,-0.2502780867630701,0.1822281136018387,-9.181153110018042e-07,8.797035014781802e-05,0.08523857474873113
drought_only,S_Ftot vs dominant_real_eigenvalue,0.015,30.0,-0.2812916094536766,0.1321121683101725,-0.2449388209121246,0.1920438013514832,-1.2109868015451142e-06,0.00011116906133423941,0.07912496954903982
drought_only,S_Ftot vs dominant_real_eigenvalue,0.02,30.0,-0.2789909809500823,0.1354392140618477,-0.2489432703003337,0.18464837461449848,-1.4969312686446475e-06,0.00013489391191787842,0.07783596745148927
drought_only,S_Ftot vs dominant_real_eigenvalue,0.03,29.0,-0.2740674096240672,0.15023741757401604,-0.24433497536945803,0.20147109367017868,-2.0009468176595237e-06,0.00017330212542193907,0.07511294501804613
drought_only,S_Ftot vs dominant_real_eigenvalue,0.05,30.0,-0.26841903279630486,0.1515166096407386,-0.23648498331479423,0.20832630526821455,-2.874087270770446e-06,0.00023890451347219737,0.07204877716730375
drought_only,S_Ftot vs reactivity,0.001,30.0,0.5790166277780138,0.0008011034487545956,0.49321468298109006,0.005615419837793303,0.0006187961760382457,0.07151517844678142,0.3352602552434232
drought_only,S_Ftot vs reactivity,0.0025,30.0,0.5889544287572966,0.0006170632329359261,0.553281423804227,0.0015174782779786614,0.0005604577375954597,0.07053283449655917,0.346867319152834
drought_only,S_Ftot vs reactivity,0.005,30.0,0.5427795092424228,0.001941270354126346,0.4901001112347052,0.005972539175648982,0.0004928419048669654,0.0663268659084079,0.2946095956534456
drought_only,S_Ftot vs reactivity,0.0075,30.0,0.4672327481371742,0.009235623727585105,0.44382647385984425,0.014017835341076952,0.0004484458346317132,0.06061000354358145,0.21830644093181611
drought_only,S_Ftot vs reactivity,0.01,30.0,0.38476818974807525,0.035772019962786686,0.33392658509454953,0.07131888151686552,0.00040305607378135044,0.057597729581463676,0.14804655984201087
drought_only,S_Ftot vs reactivity,0.015,30.0,0.34185842183806353,0.06445401014059134,0.3210233592880979,0.0836800072526214,0.00038639382319404376,0.04214919441831616,0.1168671805816114
drought_only,S_Ftot vs reactivity,0.02,30.0,0.32244793781793546,0.08223989186378665,0.30634037819799775,0.09966978420021302,0.00037969589376231024,0.030220061549860275,0.10397267260303927
drought_only,S_Ftot vs reactivity,0.03,29.0,0.3239537392627277,0.08645768868998088,0.36748768472906396,0.04985916475112234,0.00038519457758754387,0.01181962024357961,0.10494602518230335
drought_only,S_Ftot vs reactivity,0.05,30.0,0.3360358453264579,0.0694404511092744,0.43270300333704115,0.016928808875929298,0.0003921427830750297,-0.010497591898057247,0.11292008934426714
drought_only,S_full vs dominant_real_eigenvalue,0.001,30.0,-0.3941847085696579,0.031128028255203288,-0.3423804226918799,0.06402098736064822,-1.577486420196295e-07,-3.19995568243812e-07,0.1553815844701461
drought_only,S_full vs dominant_real_eigenvalue,0.0025,30.0,-0.3958645472339034,0.03035344222012662,-0.3103448275862069,0.09509721395616928,-3.875670925097731e-07,-5.673509245058728e-07,0.15670873975670335
drought_only,S_full vs dominant_real_eigenvalue,0.005,30.0,-0.4257973477464487,0.01897606082708079,-0.36106785317018913,0.049958497425618406,-7.52702797958578e-07,-7.51276586626388e-07,0.1813033813479102
drought_only,S_full vs dominant_real_eigenvalue,0.0075,30.0,-0.4175639844323251,0.021679951107981453,-0.3236929922135706,0.08099687862909574,-9.406689160989148e-07,-4.9734227509118e-06,0.17435968109499891
drought_only,S_full vs dominant_real_eigenvalue,0.01,30.0,-0.4252674865726364,0.019141241480096605,-0.3121245828698554,0.09311670346451129,-1.2442257700531708e-06,-5.2341398778688814e-06,0.1808524351358076
drought_only,S_full vs dominant_real_eigenvalue,0.015,29.0,-0.44766350199410404,0.01488710911749825,-0.4118226600985221,0.026436936318061443,-1.7249284186042095e-06,-7.708989355563621e-06,0.2004026110176251
drought_only,S_full vs dominant_real_eigenvalue,0.02,30.0,-0.427797202347142,0.018363192160287842,-0.3450500556173526,0.06184179004278734,-2.157033726685786e-06,-1.3248899795118805e-05,0.18301044633604166
drought_only,S_full vs dominant_real_eigenvalue,0.03,30.0,-0.4302206972063078,0.017642525271579643,-0.3228031145717464,0.08188381695492775,-3.0828329321585082e-06,-1.8296699593919216e-05,0.18508984830468161
drought_only,S_full vs dominant_real_eigenvalue,0.05,30.0,-0.44869254682184617,0.012882634777563825,-0.332146829810901,0.07293427541465132,-4.862022770787506e-06,-2.3131765914410934e-05,0.20132500157347466
drought_only,S_full vs reactivity,0.001,30.0,0.5888814879952783,0.0006182655038223068,0.5710789766407119,0.0009810131454760854,0.0005487572164190065,0.14365804213533057,0.3467814069035331
drought_only,S_full vs reactivity,0.0025,30.0,0.6251629261130609,0.00022106589949822953,0.6800889877641824,3.560064678370643e-05,0.0005290261178042906,0.1349198231729083,0.39082868418624445
drought_only,S_full vs reactivity,0.005,30.0,0.56383395354785,0.0011750971510708591,0.5265850945494994,0.0027953088630129443,0.0004629300282488687,0.12341211701678736,0.31790872717339874
drought_only,S_full vs reactivity,0.0075,30.0,0.532898448661791,0.0024301101438165672,0.5230255839822024,0.0030213652646534158,0.00045441306981133393,0.11144329129954465,0.2839807565861434
drought_only,S_full vs reactivity,0.01,30.0,0.41175262407029045,0.02377304975625197,0.34060066740823136,0.06550675680791365,0.0004012920508711263,0.10367940268095935,0.16954022342877012
drought_only,S_full vs reactivity,0.015,29.0,0.3928384985786248,0.03502815844873223,0.32758620689655166,0.08278682478282431,0.0004022939264032607,0.08580356293213456,0.15432208596550814
drought_only,S_full vs reactivity,0.02,30.0,0.37451359372820087,0.04144820405541827,0.28453837597330367,0.1275192365359071,0.0004144299961340821,0.07268646209221272,0.1402604318872119
drought_only,S_full vs reactivity,0.03,30.0,0.3633096446352847,0.04845075322738873,0.31701890989988873,0.08783155046091667,0.00042840820850535645,0.05454105328198902,0.13199389788501686
drought_only,S_full vs reactivity,0.05,30.0,0.36059218341539645,0.05028314442291016,0.3704115684093437,0.04391134217345023,0.00042584977023362656,0.03458502722021743,0.13002672274028307
drought_only,S_full vs total_flux,0.001,30.0,0.7712288359513121,6.100640333325589e-07,0.8634037819799777,8.201449286299972e-10,14.106236009805228,50.248568737718585,0.5947939174028157
drought_only,S_full vs total_flux,0.0025,30.0,0.7631061060514079,9.412194753108068e-07,0.8593993325917685,1.197674700479802e-09,14.688552660574961,39.88872810869839,0.5823309290929428
drought_only,S_full vs total_flux,0.005,30.0,0.7036801240976959,1.4369829388708092e-05,0.8433815350389321,4.88846997281674e-09,14.491367925921576,68.3598022708893,0.4951657170501485
drought_only,S_full vs total_flux,0.0075,30.0,0.6934545992426127,2.1514395358797253e-05,0.8593993325917685,1.197674700479802e-09,14.735575500375523,71.7513157521471,0.48087928121073237
drought_only,S_full vs total_flux,0.01,30.0,0.6987729050161323,1.747672971605746e-05,0.8238042269187986,2.2370311120748505e-08,16.299945391756367,31.744364522742785,0.48828357278468454
drought_only,S_full vs total_flux,0.015,29.0,0.6417647838366878,0.00017517570390765625,0.8285714285714284,2.85717828917729e-08,15.870676804791454,91.75258817303245,0.4118620377729507
drought_only,S_full vs total_flux,0.02,30.0,0.6365113778950796,0.0001560163028242856,0.8447163515016683,4.374279356031413e-09,17.767403402495336,35.949925000304574,0.40514673418989255
drought_only,S_full vs total_flux,0.03,30.0,0.6035267580298193,0.0004143237579543134,0.8416017797552835,5.660291682411409e-09,20.303425171929614,6.572691280993922,0.3642445476579836
drought_only,S_full vs total_flux,0.05,30.0,0.5678044366670143,0.0010649541198997016,0.8451612903225806,4.2142250317228566e-09,24.90158134509848,-53.11346647774212,0.32240187829874534
drought_only,S_het vs dominant_real_eigenvalue,0.001,30.0,-0.26743550160242785,0.15307926165196814,-0.3886540600667408,0.03379221869951787,-2.4048048115144186e-07,-3.235822836937899e-05,0.07152174751734225
drought_only,S_het vs dominant_real_eigenvalue,0.0025,30.0,-0.25815294987008347,0.16840144765865922,-0.39265850945494996,0.0318455929422447,-5.482837853868425e-07,-7.469224513992826e-05,0.06664294552662589
drought_only,S_het vs dominant_real_eigenvalue,0.005,30.0,-0.2772339005026397,0.1380211030446872,-0.3793103448275862,0.03870947184516464,-1.0175144158546817e-06,-0.00013978807688616888,0.07685863558790758
drought_only,S_het vs dominant_real_eigenvalue,0.0075,30.0,-0.3458331286093471,0.06121370627840977,-0.4576195773081201,0.010999513706573325,-1.730371070041691e-06,-0.00023029147186409048,0.11960055284372927
drought_only,S_het vs dominant_real_eigenvalue,0.01,30.0,-0.34718803093555034,0.060138774765313346,-0.40289210233592887,0.02728078120515901,-2.031663210905287e-06,-0.0002765341032386228,0.12053952882490458
drought_only,S_het vs dominant_real_eigenvalue,0.015,30.0,-0.3467153779974241,0.06051206800402654,-0.43492769744160176,0.016309663296980074,-2.93721871376431e-06,-0.00039992927957283915,0.12021155333989669
drought_only,S_het vs dominant_real_eigenvalue,0.02,30.0,-0.31237003373464894,0.09284603930622062,-0.35661846496106786,0.05306096153780767,-3.352605659052658e-06,-0.000467426255347291,0.09757503797538579
drought_only,S_het vs dominant_real_eigenvalue,0.03,29.0,-0.31195117017691926,0.0994719867442641,-0.3581280788177339,0.05644764920508337,-4.49413044013753e-06,-0.000643962533028266,0.09731353257474934
drought_only,S_het vs dominant_real_eigenvalue,0.05,30.0,-0.3097446582332518,0.09577222070477265,-0.3668520578420467,0.046142102592444716,-6.5735220708561306e-06,-0.0009720746723226985,0.09594175330403394
drought_only,S_het vs reactivity,0.001,30.0,0.13144483791440711,0.4887022117652895,0.3027808676307008,0.10387170798379251,0.00027522684690510794,0.1931686500336483,0.01727774541434477
drought_only,S_het vs reactivity,0.0025,30.0,0.07338753050309321,0.69994067957072,0.23025583982202447,0.2209128441406057,0.00013472065843618474,0.1683165727552829,0.005385729633342433
drought_only,S_het vs reactivity,0.005,30.0,0.040906897289380406,0.8300593913960861,0.09410456062291435,0.6208609916262413,6.973235378419033e-05,0.14728010008201578,0.001673374245843918
drought_only,S_het vs reactivity,0.0075,30.0,0.07103472681000012,0.709139005166013,0.07897664071190211,0.6782581459823961,0.00013453521106309796,0.14244971059972653,0.005045932412971349
drought_only,S_het vs reactivity,0.01,30.0,-0.04722463683241121,0.8042835784776712,-0.08565072302558399,0.6526939314208455,-9.205402197976212e-05,0.10769603153215246,0.0022301663239531282
drought_only,S_het vs reactivity,0.015,30.0,0.01606876139504205,0.9328356330800145,0.04382647385984427,0.818124587425803,3.573936599325235e-05,0.10447759761124926,0.00025820509277079323
drought_only,S_het vs reactivity,0.02,30.0,0.006523206111567424,0.9727087582832454,-0.007341490545050056,0.9692867983901742,1.5365220979820396e-05,0.08967553775971245,4.2552217973990544e-05
drought_only,S_het vs reactivity,0.03,29.0,0.07886647903116487,0.6842565154315927,0.04137931034482758,0.8312306026358672,0.00018504208939401873,0.09212663668030907,0.0062199215147731675
drought_only,S_het vs reactivity,0.05,30.0,0.039700377957172024,0.8350024692589569,-0.03492769744160178,0.8546147402882804,9.182499587474228e-05,0.06190041109699008,0.001576120009942312
