c,network_id,pair_id,Location,Site,Management,Treatment,total_flux,S_full,S_het,S_Ftot,dominant_real_eigenvalue,reactivity
0.001,De_S1_Ex_C_d0,De_S1_Ex,De,S1,Ex,C,458.31861020913436,43.168039064226264,-95.70012611005595,147.06155034567675,-8.62231596538878e-06,0.17463372273106212
0.001,De_S1_Ex_D_d0,De_S1_Ex,De,S1,Ex,D,374.3089229974136,42.8134494195193,-97.14492512893582,142.20195489085845,-6.281828513642643e-06,0.18185791680595625
0.001,De_S1_In_C_d0,De_S1_In,De,S1,In,C,603.1494151688536,35.29628723780607,-115.60369671096703,153.6519588571894,-2.648450924638223e-06,0.1775733078509752
0.001,De_S1_In_D_d0,De_S1_In,De,S1,In,D,831.5627023087776,49.6606144204892,-112.9637508519601,161.35936090702796,-6.500935271606232e-06,0.188151553829742
0.001,De_S2_Ex_C_d0,De_S2_Ex,De,S2,Ex,C,1028.188758386956,50.711212213172274,-113.09499318167994,166.45329711041967,-3.909221122601161e-06,0.16915402951087422
0.001,De_S2_Ex_D_d0,De_S2_Ex,De,S2,Ex,D,739.3744299075898,56.54396706253864,-102.04744150790273,158.5393071284636,-3.936530491085098e-06,0.1816913219940283
0.001,De_S2_In_C_d0,De_S2_In,De,S2,In,C,711.5517148464384,40.759666380370916,-114.01560417488274,157.6187543794113,-1.921737777111902e-06,0.1794834654180425
0.001,De_S2_In_D_d0,De_S2_In,De,S2,In,D,654.8318535726085,38.622654984816535,-112.93854285783065,155.62508377382812,-1.914397399435399e-06,0.18825023253665898
0.001,De_S3_Ex_C_d0,De_S3_Ex,De,S3,Ex,C,1109.8509804681303,43.72973694459648,-122.38477012904558,168.2875448031188,-3.1369502392624436e-06,0.17021404512984306
0.001,De_S3_Ex_D_d0,De_S3_Ex,De,S3,Ex,D,835.0728922813744,46.36788530328701,-112.00147811258435,161.46045641246707,-1.0576376165764292e-05,0.18229178619255518
0.001,De_S3_In_C_d0,De_S3_In,De,S3,In,C,1002.2963543336183,40.98612061573153,-121.38946743665679,165.84117601736676,-9.93605388261401e-07,0.17580099715474823
0.001,De_S3_In_D_d0,De_S3_In,De,S3,In,D,1417.2721112890918,43.80157565869038,-125.62973287809555,174.15574211105556,-9.734429749643052e-07,0.17874695083509218
0.001,De_S4_Ex_C_d0,De_S4_Ex,De,S4,Ex,C,807.0540692442466,43.29347190599531,-114.59006371398594,160.64137599187654,-4.738606346760826e-06,0.17267201524666217
0.001,De_S4_Ex_D_d0,De_S4_Ex,De,S4,Ex,D,1053.6322038349297,61.18466587308092,-102.88318774149707,167.03996917163659,-3.326991986781352e-05,0.17852450339794132
0.001,De_S4_In_C_d0,De_S4_In,De,S4,In,C,786.5285961856132,34.73658369257825,-124.511335534361,160.02309793497378,-9.7033332258821e-07,0.18110135467385097
0.001,De_S4_In_D_d0,De_S4_In,De,S4,In,D,878.2544971940221,45.235134435757786,-116.62861907621246,162.67047388232763,-7.846589128700132e-07,0.18072554492358886
0.001,De_S5_Ex_C_d0,De_S5_Ex,De,S5,Ex,C,885.6229020038102,38.53328000237619,-120.15677290361904,162.870989795951,-2.9785790434106365e-06,0.1679141101493585
0.001,De_S5_Ex_D_d0,De_S5_Ex,De,S5,Ex,D,702.1007150647036,47.20781446396161,-107.93417026890187,157.297844699719,-4.019092781315045e-06,0.17930393738911965
0.001,De_S5_In_C_d0,De_S5_In,De,S5,In,C,392.8454190433049,16.803454795194426,-121.48796986151743,143.36198876939486,-1.920963319063797e-06,0.17798889692055975
0.001,De_S5_In_D_d0,De_S5_In,De,S5,In,D,641.4413938047201,44.33549695491939,-110.31721809185595,155.12922772374282,-3.2503618466052094e-06,0.1869733747414767
0.001,Sc_S1_Ex_C_d0,Sc_S1_Ex,Sc,S1,Ex,C,373.7465258288229,18.003045474407827,-124.77432307195585,142.16586790129,-2.567053630644532e-06,0.14819300545147487
0.001,Sc_S1_Ex_D_d0,Sc_S1_Ex,Sc,S1,Ex,D,246.0758540760555,4.1903076816559945,-121.68020734496139,132.1353561193192,-2.321756145136852e-06,0.15570943522323527
0.001,Sc_S1_In_C_d0,Sc_S1_In,Sc,S1,In,C,367.3025040329647,21.659274060691377,-120.34461452171611,141.74845848498427,-1.4525869702695958e-06,0.1431957747962938
0.001,Sc_S1_In_D_d0,Sc_S1_In,Sc,S1,In,D,390.0669900760297,24.06419352649511,-113.92120702094931,143.19164385116954,-2.7767629192082674e-09,0.14862046055292913
0.001,Sc_S2_Ex_C_d0,Sc_S2_Ex,Sc,S2,Ex,C,281.88211515740466,9.010421336686772,-122.81100049277728,135.39573485236625,-3.136845374674257e-06,0.14119540607713518
0.001,Sc_S2_Ex_D_d0,Sc_S2_Ex,Sc,S2,Ex,D,164.30727342316254,5.3070618003710095,-113.19197263837248,122.44171903738642,-1.7228020843543113e-06,0.15437037945823423
0.001,Sc_S2_In_C_d0,Sc_S2_In,Sc,S2,In,C,283.1615085807475,,-114.69767203998714,135.50441847728905,-7.452663516698723e-07,0.14420224027417378
0.001,Sc_S2_In_D_d0,Sc_S2_In,Sc,S2,In,D,179.418935140756,2.83189426816822,-116.08352475909635,124.55336378651806,-3.625364501154466e-06,0.14598556608986601
0.001,Sc_S3_Ex_C_d0,Sc_S3_Ex,Sc,S3,Ex,C,334.59311308528805,18.419223596533215,-117.78355693987643,139.50996493944913,-4.038808150764931e-06,0.14296932463363177
0.001,Sc_S3_Ex_D_d0,Sc_S3_Ex,Sc,S3,Ex,D,135.08931915803117,11.141704958771651,-105.52995082357499,117.74246839331974,-2.2546616803000476e-06,0.1560155730923698
0.001,Sc_S3_In_C_d0,Sc_S3_In,Sc,S3,In,C,549.7299772397863,14.773759786827165,-138.34282024933907,151.4262529727462,-1.4629131848439605e-06,0.1410705399491668
0.001,Sc_S3_In_D_d0,Sc_S3_In,Sc,S3,In,D,691.6586285648898,33.72504517423306,-118.53480662050075,156.93822054185267,-1.4836350714742688e-05,0.14730281033297232
0.001,Sc_S4_Ex_C_d0,Sc_S4_Ex,Sc,S4,Ex,C,171.44119732922593,9.893743707811975,-111.23370187410582,123.46176804229971,-5.905339881433286e-07,0.14541269246376737
0.001,Sc_S4_Ex_D_d0,Sc_S4_Ex,Sc,S4,Ex,D,269.95524640482114,33.55310404690299,-98.790951390623,134.35814858888244,-3.4632813293204473e-06,0.1592132930413664
0.001,Sc_S4_In_C_d0,Sc_S4_In,Sc,S4,In,C,474.67000884446276,17.1903770394109,-126.17889331289527,147.90287626521433,-1.005654229967217e-06,0.14345765169240565
0.001,Sc_S4_In_D_d0,Sc_S4_In,Sc,S4,In,D,264.02285610688756,16.311775755970626,-113.89243876195832,133.82485621347047,-3.848668959989681e-06,0.14745704541900695
0.001,Sc_S5_Ex_C_d0,Sc_S5_Ex,Sc,S5,Ex,C,271.28017278480036,7.141629746007947,-119.19054072067364,134.47565123379343,-4.148325650023046e-06,0.14156251092626246
0.001,Sc_S5_Ex_D_d0,Sc_S5_Ex,Sc,S5,Ex,D,314.36861604973427,12.579271798326962,-126.17301995340688,138.01358961234644,-2.6351879657242763e-06,0.14789207597287382
0.001,Sc_S5_In_C_d0,Sc_S5_In,Sc,S5,In,C,951.6738285197613,49.71611931820866,-128.55437192382192,164.59733661560702,-1.8372718693736333e-06,0.143488429367968
0.001,Sc_S5_In_D_d0,Sc_S5_In,Sc,S5,In,D,680.1876761784206,47.2724411369445,-109.73892980912736,156.53685010729777,-4.2849821178709175e-06,0.14849507177891733
0.001,Yo_S1_Ex_C_d0,Yo_S1_Ex,Yo,S1,Ex,C,507.147564593793,27.72351311975936,-117.83152359283899,149.4912483760485,-2.292162264092938e-06,0.1550762250251507
0.001,Yo_S1_Ex_D_d0,Yo_S1_Ex,Yo,S1,Ex,D,498.74520923829414,37.12388575452678,-108.8765990581354,149.09028870289643,-3.803402284006598e-06,0.15709875888829863
0.001,Yo_S1_In_C_d0,Yo_S1_In,Yo,S1,In,C,336.05112399349713,25.892914620476414,-109.81815280158037,139.6143192751535,-2.2107306420662594e-06,0.151262788929602
0.001,Yo_S1_In_D_d0,Yo_S1_In,Yo,S1,In,D,506.13713172806956,38.98818620011278,-110.04347297746239,149.44338345337985,-5.896982701893524e-06,0.1499032498329861
0.001,Yo_S2_Ex_C_d0,Yo_S2_Ex,Yo,S2,Ex,C,431.5733986533909,23.64882065802458,-115.89475739440499,145.61850233338865,-4.638915237841142e-06,0.15468970815112604
0.001,Yo_S2_Ex_D_d0,Yo_S2_Ex,Yo,S2,Ex,D,362.5460216124038,32.52500300467071,-107.69996398929544,141.435634137807,-4.404476753648314e-06,0.15418425182013484
0.001,Yo_S2_In_C_d0,Yo_S2_In,Yo,S2,In,C,360.88574782189414,22.058774170569798,-113.40597246653894,141.32547408508756,-3.1698180646688867e-06,0.14904765646099855
0.001,Yo_S2_In_D_d0,Yo_S2_In,Yo,S2,In,D,229.75975751139114,25.94958923168049,-104.08809270200548,130.4888215310332,-4.486462196365293e-06,0.1548454049914822
0.001,Yo_S3_Ex_C_d0,Yo_S3_Ex,Yo,S3,Ex,C,431.01647522429573,24.51045300075377,-113.74363955502598,145.58751155883795,-1.6227022955026411e-06,0.16123955075205976
0.001,Yo_S3_Ex_D_d0,Yo_S3_Ex,Yo,S3,Ex,D,670.454749005702,52.52854911312711,-102.93307670721343,156.19094908827188,-5.98230611796816e-06,0.15954458130760613
0.001,Yo_S3_In_D_d0,Yo_S3_In,Yo,S3,In,D,358.6572009074151,30.996913228575885,-106.57795564039807,141.17680944439874,-9.918898151514278e-06,0.15189513645980526
0.001,Yo_S4_Ex_C_d0,Yo_S4_Ex,Yo,S4,Ex,C,567.6837082500161,42.69092616703577,-109.8970468520908,152.19754588678012,-4.60098603063813e-06,0.16331597203690248
0.001,Yo_S4_Ex_D_d0,Yo_S4_Ex,Yo,S4,Ex,D,447.26758576219845,33.79360196742971,-107.54741401772212,146.47576899299509,-4.439842228097677e-06,0.15667427113215354
0.001,Yo_S4_In_C_d0,Yo_S4_In,Yo,S4,In,C,687.5387836439035,40.56641481957196,-114.06194108892464,156.79483777254114,-6.949024412940586e-06,0.149234906939247
0.001,Yo_S4_In_D_d0,Yo_S4_In,Yo,S4,In,D,412.295912679666,30.905793821256648,-113.7011499462545,144.521791828844,-9.915936882399103e-06,0.15327441901327432
0.001,Yo_S5_Ex_C_d0,Yo_S5_Ex,Yo,S5,Ex,C,1021.8244117256118,44.78747651698159,-119.21478710007034,166.3042787403653,-3.5798907405013636e-06,0.15900049031848434
0.001,Yo_S5_Ex_D_d0,Yo_S5_Ex,Yo,S5,Ex,D,615.1235968754273,47.9093732345429,-107.55248864524651,154.1237572354511,-9.403109259703069e-07,0.15761458929840094
0.001,Yo_S5_In_C_d0,Yo_S5_In,Yo,S5,In,C,658.6543793876476,38.78266634653171,-114.67891888101916,155.7647744325567,-6.775403920597105e-06,0.14775343109285038
0.001,Yo_S5_In_D_d0,Yo_S5_In,Yo,S5,In,D,704.1032490874207,48.91990855816108,-103.32735342744417,157.36620014495912,-1.4374609953434791e-05,0.15134230488564782
0.0025,De_S1_Ex_C_d0,De_S1_Ex,De,S1,Ex,C,463.8398064564918,43.41699395495509,,,-2.133930011985784e-05,0.16635365674068117
0.0025,De_S1_Ex_D_d0,De_S1_Ex,De,S1,Ex,D,377.13643024235085,42.93832247093263,-97.18746623391766,142.3825681419787,-1.545891487432354e-05,0.16927026487010158
0.0025,De_S1_In_C_d0,De_S1_In,De,S1,In,C,611.4375139750769,35.41391319812561,-115.76846788607823,153.97950636176995,-6.595074279902851e-06,0.17070939176051841
0.0025,De_S1_In_D_d0,De_S1_In,De,S1,In,D,853.0763868212882,49.594422761353314,-115.05333710809342,161.9723782624613,-1.613395557022827e-05,0.17838417521427014
0.0025,De_S2_Ex_C_d0,De_S2_Ex,De,S2,Ex,C,1056.6751803854977,51.25236719560693,-111.50802929630916,167.10918324763,-9.695527134202043e-06,0.1574878133128763
0.0025,De_S2_Ex_D_d0,De_S2_Ex,De,S2,Ex,D,749.3881116360758,56.700299523747894,-101.58674211102813,158.86216853737875,-9.790747446013241e-06,0.17032344244540037
0.0025,De_S2_In_C_d0,De_S2_In,De,S2,In,C,721.4133875891949,41.020367925800564,-114.38926112190828,157.94909582607687,-4.716397493454019e-06,0.16574143503402533
0.0025,De_S2_In_D_d0,De_S2_In,De,S2,In,D,664.5030482435009,39.02744870631274,-113.07377244929569,155.97694717000007,-4.765325067264245e-06,0.17679091156601157
0.0025,De_S3_Ex_C_d0,De_S3_Ex,De,S3,Ex,C,1138.8165466930016,43.37305035801107,-124.15864866211679,168.9058772456635,-7.708288761917369e-06,0.15121985902569396
0.0025,De_S3_Ex_D_d0,De_S3_Ex,De,S3,Ex,D,846.7956942303198,46.510136424851325,-112.28893468993675,161.79502690785097,-2.5850485283582414e-05,0.16724666859357645
0.0025,De_S3_In_C_d0,De_S3_In,De,S3,In,C,1029.053383815944,41.308169104742454,-122.11412235482624,166.4734707312996,-2.4654104653199e-06,0.16941476324178326
0.0025,De_S3_In_D_d0,De_S3_In,De,S3,In,D,1503.0235770380352,44.41994292675581,-126.24522909192335,175.56561783076782,-2.381279240304269e-06,0.16854950546071168
0.0025,De_S4_Ex_C_d0,De_S4_Ex,De,S4,Ex,C,824.7380943273557,43.47649323899461,-114.87975401653748,161.16158098828197,-1.1788055163842073e-05,0.1563237792184258
0.0025,De_S4_Ex_D_d0,De_S4_Ex,De,S4,Ex,D,1080.0511843796555,61.443855394279936,-103.1622056927276,167.63432908654516,-8.090347170347964e-05,0.15737336085591472
0.0025,De_S4_In_C_d0,De_S4_In,De,S4,In,C,803.4308273269655,35.01591156200493,-124.88998140655988,160.53338621449538,-2.398320200522966e-06,0.16680243174706638
0.0025,De_S4_In_D_d0,De_S4_In,De,S4,In,D,900.9963244048433,46.504426825132825,-118.80093340804973,163.2840282753152,-1.9412275601392477e-06,0.17135524823617057
0.0025,De_S5_Ex_C_d0,De_S5_Ex,De,S5,Ex,C,901.365591782584,38.49162000569801,-122.74820789124473,163.29386250129411,-7.412893816611738e-06,0.1579286076042204
0.0025,De_S5_Ex_D_d0,De_S5_Ex,De,S5,Ex,D,710.794691793096,47.393027950774794,-107.9713544292623,157.59320707966634,-9.917951949606851e-06,0.16752977631384844
0.0025,De_S5_In_C_d0,De_S5_In,De,S5,In,C,399.31265738432995,16.907573024453395,-123.0110705607794,143.7538731000176,-4.785940004567289e-06,0.16029494519106147
0.0025,De_S5_In_D_d0,De_S5_In,De,S5,In,D,651.9213600432436,44.43688481411481,-110.47061473170479,155.51817458931984,-8.073471477236144e-06,0.17727478690153603
0.0025,Sc_S1_Ex_C_d0,Sc_S1_Ex,Sc,S1,Ex,C,379.88448261648097,13.800651844523227,-122.40473040892783,142.55681312137523,-6.410133829859151e-06,0.1407126708109327
0.0025,Sc_S1_Ex_D_d0,Sc_S1_Ex,Sc,S1,Ex,D,248.81698908892267,4.3325716554658555,-121.80762465266511,132.40122342367764,-5.729614567646772e-06,0.1421509478285265
0.0025,Sc_S1_In_C_d0,Sc_S1_In,Sc,S1,In,C,374.18917035717516,24.44170314044346,-122.74027727475847,142.1942753431996,-2.089163757209109e-06,0.13808859476818308
0.0025,Sc_S1_In_D_d0,Sc_S1_In,Sc,S1,In,D,397.8523491209076,25.7031895561386,-114.15491595175618,143.6659429042867,-5.353184138007394e-09,0.1414476344176669
0.0025,Sc_S2_Ex_C_d0,Sc_S2_Ex,Sc,S2,Ex,C,285.6821086645021,9.067829011159677,-122.64279904464686,135.7171124272909,-7.690636398372865e-06,0.12281733272503859
0.0025,Sc_S2_Ex_D_d0,Sc_S2_Ex,Sc,S2,Ex,D,165.11682220237898,5.169389419956815,-113.54282854633854,122.55967768140297,-4.299605254715574e-06,0.1443000789332854
0.0025,Sc_S2_In_C_d0,Sc_S2_In,Sc,S2,In,C,287.4770593332344,17.21193424509427,-111.65248086607762,135.8674335223246,-1.7835284456030613e-06,0.13499834870447336
0.0025,Sc_S2_In_D_d0,Sc_S2_In,Sc,S2,In,D,181.46422991344156,4.150966028573205,-116.1814727912857,124.82540529396731,-9.064290345290973e-06,0.13643957311846028
0.0025,Sc_S3_Ex_C_d0,Sc_S3_Ex,Sc,S3,Ex,C,338.94436749886665,19.221602322538345,-117.77460820991868,139.82006366976847,-1.0077854843300015e-05,0.1357547871069541
0.0025,Sc_S3_Ex_D_d0,Sc_S3_Ex,Sc,S3,Ex,D,135.55680783891785,11.161255621386044,-103.36465889369649,117.8253791641047,-5.626700953601097e-06,0.14507318355652382
0.0025,Sc_S3_In_C_d0,Sc_S3_In,Sc,S3,In,C,569.7491658491319,19.02510116259206,-138.97910423475952,152.2847088974403,-3.6163967019543046e-06,0.1360259175299418
0.0025,Sc_S3_In_D_d0,Sc_S3_In,Sc,S3,In,D,709.6818502083713,32.694651614559234,-118.5071536910764,157.55560251146994,-3.5372517979091523e-05,0.13977901830886863
0.0025,Sc_S4_Ex_C_d0,Sc_S4_Ex,Sc,S4,Ex,C,172.36181890973347,14.645416129149503,-111.05238537196638,123.59030077586246,-1.475646507767845e-06,0.1375318067265007
0.0025,Sc_S4_Ex_D_d0,Sc_S4_Ex,Sc,S4,Ex,D,271.9430865828234,33.658398587419825,-98.88720427245727,134.53422729354776,-8.650758132217125e-06,0.14989197051287967
0.0025,Sc_S4_In_C_d0,Sc_S4_In,Sc,S4,In,C,486.3586867329566,16.964208981767136,-126.59248840085237,148.48671336549972,-2.478042438655457e-06,0.12936499112474864
0.0025,Sc_S4_In_D_d0,Sc_S4_In,Sc,S4,In,D,266.43851584064754,16.22738248339079,-112.32308367749724,134.04344417273066,-9.618177181314554e-06,0.1340107896392719
0.0025,Sc_S5_Ex_C_d0,Sc_S5_Ex,Sc,S5,Ex,C,275.1101147203535,7.728549267477755,-119.14222383030393,134.8121144324624,-8.960785891588181e-06,0.13756281534417383
0.0025,Sc_S5_Ex_D_d0,Sc_S5_Ex,Sc,S5,Ex,D,318.98906635533365,12.641790185765593,-126.41661784316878,138.36376385878276,-3.894500179410911e-06,0.14238188976754867
0.0025,Sc_S5_In_C_d0,Sc_S5_In,Sc,S5,In,C,1003.9880537309543,32.19849117610259,-129.33727380837402,165.88164963615688,-4.521294231622117e-06,0.13609866972836915
0.0025,Sc_S5_In_D_d0,Sc_S5_In,Sc,S5,In,D,695.3439535791616,44.37659160919269,-109.95527501113322,157.06575888911397,-9.967433625833653e-06,0.14106423511637603
0.0025,Yo_S1_Ex_C_d0,Yo_S1_Ex,Yo,S1,Ex,C,515.0533847606782,27.85123118113694,-118.82889987983299,149.86249332050184,-5.6498982196973405e-06,0.14557375476462667
0.0025,Yo_S1_Ex_D_d0,Yo_S1_Ex,Yo,S1,Ex,D,505.0182971590307,37.29808642356413,-108.64869013699077,149.39027185480984,-8.930351125462711e-06,0.1462977791222167
0.0025,Yo_S1_In_C_d0,Yo_S1_In,Yo,S1,In,C,339.6906509652534,26.030151538020597,-109.9278858545569,139.8728484802361,-5.489670342247915e-06,0.1419787342005112
0.0025,Yo_S1_In_D_d0,Yo_S1_In,Yo,S1,In,D,515.5336907014613,39.213330827461206,-110.26977873795997,149.88486376097765,-1.4225455158238528e-05,0.1422938911487542
0.0025,Yo_S2_Ex_C_d0,Yo_S2_Ex,Yo,S2,Ex,C,436.6305991922168,23.80369257411675,-112.39352241812419,145.8981006443043,-1.1496332198791992e-05,0.15092563692394667
0.0025,Yo_S2_Ex_D_d0,Yo_S2_Ex,Yo,S2,Ex,D,366.4108022727136,32.934979891263275,-106.06024208787653,141.69012274921772,-1.0815877119319388e-05,0.14919197167249654
0.0025,Yo_S2_In_C_d0,Yo_S2_In,Yo,S2,In,C,364.80332243873994,21.45379596063701,-113.52730555713666,141.58460077730493,-7.878891507334853e-06,0.14533245874692477
0.0025,Yo_S2_In_D_d0,Yo_S2_In,Yo,S2,In,D,231.47736125288978,26.06597544362213,-104.14028734250962,130.6675698523246,-1.1056953043859114e-05,0.15106238438697367
0.0025,Yo_S3_Ex_C_d0,Yo_S3_Ex,Yo,S3,Ex,C,438.1665679312461,24.76616566895272,-113.24204677660846,145.98237912394106,-4.0246735003614304e-06,0.14700225207747594
0.0025,Yo_S3_Ex_D_d0,Yo_S3_Ex,Yo,S3,Ex,D,683.021946665251,52.85603181087831,-102.08649546983486,156.6366478032037,-1.468716008721421e-05,0.14913626273428301
0.0025,Yo_S3_In_D_d0,Yo_S3_In,Yo,S3,In,D,362.29309289504295,31.10522637897358,-107.10169695201625,141.41888479483822,-2.469097859402583e-05,0.14620604836893422
0.0025,Yo_S4_Ex_C_d0,Yo_S4_Ex,Yo,S4,Ex,C,576.7315831932924,41.640754272684134,-108.62464559191949,152.57704714798683,-1.1408750218968318e-05,0.15633583009793606
0.0025,Yo_S4_Ex_D_d0,Yo_S4_Ex,Yo,S4,Ex,D,453.444574883467,33.625245253469615,-107.6885117665572,146.80495309757225,-1.0947347006745924e-05,0.14613236403851532
0.0025,Yo_S4_In_C_d0,Yo_S4_In,Yo,S4,In,C,704.7379105175437,41.19148171529079,-114.93615346350288,157.38782341348656,-1.7181465301844147e-05,0.14762137095794023
0.0025,Yo_S4_In_D_d0,Yo_S4_In,Yo,S4,In,D,419.40649520337905,30.94952444477187,-113.01167449789045,144.9321745258076,-2.44900531499632e-05,0.14847467578988638
0.0025,Yo_S5_Ex_C_d0,Yo_S5_Ex,Yo,S5,Ex,C,1052.2462008531097,46.09439829604888,-119.46472400535964,167.00837753149946,-8.829443455142017e-06,0.15858764918128812
0.0025,Yo_S5_Ex_D_d0,Yo_S5_Ex,Yo,S5,Ex,D,635.4667497650904,47.63539324976752,-107.9078177988703,154.9046344292153,-2.3173101035423642e-06,0.15723013785142562
0.0025,Yo_S5_In_C_d0,Yo_S5_In,Yo,S5,In,C,673.128559086725,38.97819313761223,-114.9214017343755,156.28647204731985,-1.5723500639090668e-05,0.14187592784367073
0.0025,Yo_S5_In_D_d0,Yo_S5_In,Yo,S5,In,D,719.107599693459,49.26045494671755,-105.69774390659853,157.872263961428,-3.437002611780189e-05,0.1464245913830268
0.005,De_S1_Ex_C_d0,De_S1_Ex,De,S1,Ex,C,472.8506863714825,43.618771532521045,-96.01380567617659,147.81071196055905,-4.058236214615251e-05,0.1533466132263659
0.005,De_S1_Ex_D_d0,De_S1_Ex,De,S1,Ex,D,381.91843918672214,43.582983102817536,-97.25267140883508,142.6849698198641,-3.084741051465966e-05,0.15035518917201968
0.005,De_S1_In_C_d0,De_S1_In,De,S1,In,C,625.0546512480845,36.07572812749443,-116.05887950906214,154.5081381098522,-1.3078249573224604e-05,0.1598961291842216
0.005,De_S1_In_D_d0,De_S1_In,De,S1,In,D,888.7006489256878,45.382335696943045,-115.16199996369363,162.95425082257748,-3.189002348161183e-05,0.16343729884963898
0.005,De_S2_Ex_C_d0,De_S2_Ex,De,S2,Ex,C,1104.438700860596,51.68379268967833,-112.02436326657141,168.17022052494832,-1.9368874045321462e-05,0.14052788248348191
0.005,De_S2_Ex_D_d0,De_S2_Ex,De,S2,Ex,D,766.1100940626087,57.103746034549275,-102.34228905748614,159.3918212482394,-1.9567109716529025e-05,0.15348240976801297
0.005,De_S2_In_C_d0,De_S2_In,De,S2,In,C,738.2903041025944,41.20787345042872,-115.43819801841094,158.5040907178807,-9.293711144809507e-06,0.14784978476426158
0.005,De_S2_In_D_d0,De_S2_In,De,S2,In,D,680.1746510745128,39.03449748435215,-113.27773943626167,156.5363905201899,-9.415248655816515e-06,0.15929289447637768
0.005,De_S3_Ex_C_d0,De_S3_Ex,De,S3,Ex,C,1187.237909782313,43.64531872244437,-123.79012058605545,169.90523529594154,-1.5378169160107086e-05,0.12575996759118324
0.005,De_S3_Ex_D_d0,De_S3_Ex,De,S3,Ex,D,866.4006194003869,47.04591756901989,-112.37716278689925,162.34433785438205,-5.153134434746463e-05,0.14576411895447336
0.005,De_S3_In_C_d0,De_S3_In,De,S3,In,C,1073.768252324288,42.63639705238649,-123.49451172424351,167.49430732382882,-4.727853722147497e-06,0.15683964092973732
0.005,De_S3_In_D_d0,De_S3_In,De,S3,In,D,1645.7388945348996,39.745959354987896,-127.5588840495379,177.74267372062042,-4.515688059263464e-06,0.1538321475639709
0.005,De_S4_Ex_C_d0,De_S4_Ex,De,S4,Ex,C,854.2327514861631,43.74520695439401,-115.80212809904855,162.00488878510544,-2.3229727326029926e-05,0.13350877499461866
0.005,De_S4_Ex_D_d0,De_S4_Ex,De,S4,Ex,D,1124.0880198748873,61.87476293404143,-103.29642722962252,168.59345608523614,-0.0001473149286658786,0.12919004706075293
0.005,De_S4_In_C_d0,De_S4_In,De,S4,In,C,831.4958291401742,35.04325222047325,-124.85651630621567,161.3574307812783,-4.7328847965101564e-06,0.14720975092151584
0.005,De_S4_In_D_d0,De_S4_In,De,S4,In,D,938.1932228262996,44.6603325358183,-119.44277862385859,164.25494213463844,-3.8018510879946662e-06,0.1573572240641661
0.005,De_S5_Ex_C_d0,De_S5_Ex,De,S5,Ex,C,927.4345339548667,38.54721078351544,-124.09634794272635,163.97813300768155,-1.4604274798930216e-05,0.14280905384547432
0.005,De_S5_Ex_D_d0,De_S5_Ex,De,S5,Ex,D,725.3406627114482,47.845393967046306,-108.13015880793212,158.0793941783477,-1.979873192911627e-05,0.15005749231161764
0.005,De_S5_In_C_d0,De_S5_In,De,S5,In,C,410.12035122701354,17.362359526738217,-123.4262950520745,144.39481574885093,-9.523890610441598e-06,0.1356297822051585
0.005,De_S5_In_D_d0,De_S5_In,De,S5,In,D,669.4534105346146,44.737667224734544,-110.84307056936453,156.15507778230386,-1.5984442068238384e-05,0.16263544148180992
0.005,Sc_S1_Ex_C_d0,Sc_S1_Ex,Sc,S1,Ex,C,390.05039593005336,15.574555275857922,-124.91379779306624,143.19062282661443,-1.2771894141446293e-05,0.1291969783218113
0.005,Sc_S1_Ex_D_d0,Sc_S1_Ex,Sc,S1,Ex,D,253.4640826193803,1.6973352387974217,-123.53766494968336,132.84533104975765,-1.1236150666098044e-05,0.1229086532248544
0.005,Sc_S1_In_C_d0,Sc_S1_In,Sc,S1,In,C,385.6292018780566,24.64668199944359,-122.64458398765733,142.917030981132,-3.6989636717947207e-06,0.12977630999460465
0.005,Sc_S1_In_D_d0,Sc_S1_In,Sc,S1,In,D,410.82420606436403,23.737054899009518,-114.52655544371073,144.43596961261807,-1.0657931452555827e-08,0.1303423783491818
0.005,Sc_S2_Ex_C_d0,Sc_S2_Ex,Sc,S2,Ex,C,292.0466807932976,6.5204318550133955,-123.96049601451884,136.24592772531813,-1.533782723951949e-05,0.09869589247346726
0.005,Sc_S2_Ex_D_d0,Sc_S2_Ex,Sc,S2,Ex,D,166.46568895092395,5.916491016345454,-113.41688086989473,122.75494117962836,-8.574299270743205e-06,0.129206648553694
0.005,Sc_S2_In_C_d0,Sc_S2_In,Sc,S2,In,C,294.6686771147028,17.728810437629313,-115.08722631368346,136.46043832160908,-3.544208960272329e-06,0.1211449624261777
0.005,Sc_S2_In_D_d0,Sc_S2_In,Sc,S2,In,D,184.82586302569015,4.981470597094296,-116.39903924671593,125.26593842047231,-1.812861216641735e-05,0.1222335792121759
0.005,Sc_S3_Ex_C_d0,Sc_S3_Ex,Sc,S3,Ex,C,346.13846642598173,19.411371820606938,-116.95421698415578,140.32413328763704,-2.0086840944288398e-05,0.12465458326124802
0.005,Sc_S3_Ex_D_d0,Sc_S3_Ex,Sc,S3,Ex,D,136.34671885676403,11.393802097608695,-105.7071655793653,117.96482507708583,-1.1227833920423188e-05,0.12869457716974175
0.005,Sc_S3_In_C_d0,Sc_S3_In,Sc,S3,In,C,603.117800435635,18.4448183084667,-138.8719979473573,153.65070083809115,-7.107816796497359e-06,0.12821458286858498
0.005,Sc_S3_In_D_d0,Sc_S3_In,Sc,S3,In,D,739.7375433055813,34.24800802019104,-119.54056245531908,158.551090849892,-5.897429682280376e-05,0.12847648538565637
0.005,Sc_S4_Ex_C_d0,Sc_S4_Ex,Sc,S4,Ex,C,173.8958755425732,10.56413898006804,-111.38949062554232,123.80296088807916,-2.946981561734883e-06,0.12543610651420395
0.005,Sc_S4_Ex_D_d0,Sc_S4_Ex,Sc,S4,Ex,D,275.29217288306927,33.842774646077466,-98.99620532448918,134.82799153240526,-1.726294549356699e-05,0.1357767839787555
0.005,Sc_S4_In_C_d0,Sc_S4_In,Sc,S4,In,C,505.89821049143575,22.908826833788694,-127.0379398660465,149.43205161634506,-4.839753034454491e-06,0.11089934719765757
0.005,Sc_S4_In_D_d0,Sc_S4_In,Sc,S4,In,D,270.4765941177862,15.686413732741158,-112.4777026779686,134.4044535918611,-1.9203619909567942e-05,0.11485074927740697
0.005,Sc_S5_Ex_C_d0,Sc_S5_Ex,Sc,S5,Ex,C,281.4807993402439,7.338703529547246,-119.39055472793304,135.3615416848957,-1.7501973812975252e-05,0.13048928241034402
0.005,Sc_S5_Ex_D_d0,Sc_S5_Ex,Sc,S5,Ex,D,326.7056843228336,12.766137874513536,-126.79910466771501,138.9374332240439,-6.949124110059371e-06,0.1337302076164307
0.005,Sc_S5_In_C_d0,Sc_S5_In,Sc,S5,In,C,1091.15950758887,50.77764399458496,-130.5957120364455,167.87990827806345,-8.817973567624854e-06,0.124890486286219
0.005,Sc_S5_In_D_d0,Sc_S5_In,Sc,S5,In,D,720.607461224757,45.09747530008726,-111.67183053271074,157.92226925865754,-1.9718116225238306e-05,0.12964114507544122
0.005,Yo_S1_Ex_C_d0,Yo_S1_Ex,Yo,S1,Ex,C,528.2313556305637,28.515473494997224,-118.45894598501485,150.46882467069605,-1.1080997934618685e-05,0.13114887945097178
0.005,Yo_S1_Ex_D_d0,Yo_S1_Ex,Yo,S1,Ex,D,515.3631439667392,37.56453251098682,-108.56127547984546,149.8769228661509,-1.769385766769532e-05,0.13021897931147525
0.005,Yo_S1_In_C_d0,Yo_S1_In,Yo,S1,In,C,345.6736065252591,,-110.14722698372032,140.2918799063138,-1.0867688355510028e-05,0.12783520020703984
0.005,Yo_S1_In_D_d0,Yo_S1_In,Yo,S1,In,D,531.4423825995948,39.60674315074476,-110.54835861630332,150.61427487928452,-2.717787925751968e-05,0.13074449808065616
0.005,Yo_S2_Ex_C_d0,Yo_S2_Ex,Yo,S2,Ex,C,445.12171747852983,22.998005823090857,-112.62865802645452,146.36034641254713,-2.259889972697672e-05,0.1448960455545384
0.005,Yo_S2_Ex_D_d0,Yo_S2_Ex,Yo,S2,Ex,D,372.8910322550749,32.804002253161194,-106.23846611669724,142.11086971767946,-2.1575791703670513e-05,0.14129537887291074
0.005,Yo_S2_In_C_d0,Yo_S2_In,Yo,S2,In,C,371.291066641666,21.62383371482831,-115.32261162591536,142.00767122918123,-1.5577609878153825e-05,0.13930800858081158
0.005,Yo_S2_In_D_d0,Yo_S2_In,Yo,S2,In,D,234.3159599539915,26.220773989067286,-104.2621515016473,130.96009105908436,-2.1519410744703863e-05,0.1450362276412578
0.005,Yo_S3_Ex_C_d0,Yo_S3_Ex,Yo,S3,Ex,C,450.165245130987,34.21788493669711,-117.48091934799447,146.6307534422629,-7.93153617904329e-06,0.12665520364006036
0.005,Yo_S3_Ex_D_d0,Yo_S3_Ex,Yo,S3,Ex,D,704.0519637173741,53.37582077894612,-97.93248522464518,157.36445197278255,-2.9297397829933507e-05,0.13366576338077882
0.005,Yo_S3_In_D_d0,Yo_S3_In,Yo,S3,In,D,368.44618652731793,31.312981670827938,-106.94883667102917,141.8230720108378,-4.89943895536944e-05,0.1373424799331136
0.005,Yo_S4_Ex_C_d0,Yo_S4_Ex,Yo,S4,Ex,C,591.6485331366001,41.723405558216484,-109.11280209869216,153.1899063492458,-2.279072209117273e-05,0.14551167400898427
0.005,Yo_S4_Ex_D_d0,Yo_S4_Ex,Yo,S4,Ex,D,463.80238519424745,34.48554339870409,-108.59980571318074,147.3470056207138,-2.1851056089833663e-05,0.13051690473071084
0.005,Yo_S4_In_C_d0,Yo_S4_In,Yo,S4,In,C,733.295312997044,41.053515250552636,-113.47558735521812,158.34116408210713,-3.4034269122206894e-05,0.14530192107138962
0.005,Yo_S4_In_D_d0,Yo_S4_In,Yo,S4,In,D,431.34544978302716,31.424753156211807,-114.03921477159234,145.60582264044672,-4.761870853411342e-05,0.14084466882665925
0.005,Yo_S5_Ex_C_d0,Yo_S5_Ex,Yo,S5,Ex,C,1102.9342119869184,45.96087271868788,-119.63090913553712,168.13750494857305,-1.762443801075371e-05,0.15820176713938083
0.005,Yo_S5_Ex_D_d0,Yo_S5_Ex,Yo,S5,Ex,D,669.0752231500686,48.893451231287415,-108.48221599517444,156.14151587971588,-4.625044713125694e-06,0.15597370402456506
0.005,Yo_S5_In_C_d0,Yo_S5_In,Yo,S5,In,C,697.1827783183587,39.38085405956116,-113.56431358806951,157.1291426912067,-3.109071358185986e-05,0.13267128561948563
0.005,Yo_S5_In_D_d0,Yo_S5_In,Yo,S5,In,D,744.2600864540527,49.73027592589146,-107.31179139404712,158.6973732554884,-6.34084890904781e-05,0.1395913972501248
0.0075,De_S1_Ex_C_d0,De_S1_Ex,De,S1,Ex,C,482.015897567031,44.37073500894394,-96.19899715302019,148.2714503042617,-4.0651544535331954e-05,0.14161386638590956
0.0075,De_S1_Ex_D_d0,De_S1_Ex,De,S1,Ex,D,386.7665419602208,43.67317605514246,-97.29230636545093,142.98771024604935,-4.6251537263166486e-05,0.13442923072829518
0.0075,De_S1_In_C_d0,De_S1_In,De,S1,In,C,638.7888993355135,35.8307314868882,-116.32783460236382,155.02977693165693,-1.943118234201502e-05,0.14997474674950606
0.0075,De_S1_In_D_d0,De_S1_In,De,S1,In,D,924.6432807350545,50.28590116545273,-113.93430382599493,163.90579249643193,-4.739381601632699e-05,0.15018153782081406
0.0075,De_S2_Ex_C_d0,De_S2_Ex,De,S2,Ex,C,1152.0324932636836,51.891360341246234,-112.51728977507462,169.18279312358675,-2.9047187439940717e-05,0.126110851702607
0.0075,De_S2_Ex_D_d0,De_S2_Ex,De,S2,Ex,D,782.5759261960579,57.45972460924398,-102.49821709123233,159.90218275175224,-2.9346653637627442e-05,0.13937207469437607
0.0075,De_S2_In_C_d0,De_S2_In,De,S2,In,C,755.1878930310971,41.10067889983881,-115.26966011669923,159.04719799749915,-1.3680545756331543e-05,0.1324681840342777
0.0075,De_S2_In_D_d0,De_S2_In,De,S2,In,D,695.7928707237318,39.33443321542045,-113.27724215617147,157.0812483961925,-1.3884748008312474e-05,0.14375268280699327
0.0075,De_S3_Ex_C_d0,De_S3_Ex,De,S3,Ex,C,1235.6956988300656,43.88984747219668,-123.90090291381712,170.86534582435903,-2.305657729213619e-05,0.10698086134906823
0.0075,De_S3_Ex_D_d0,De_S3_Ex,De,S3,Ex,D,885.7782632909718,46.97371627319695,-113.80456708580395,162.87519965080998,-7.724982870224506e-05,0.12805951447402802
0.0075,De_S3_In_C_d0,De_S3_In,De,S3,In,C,1118.6702372282068,41.76361099085824,-122.8613878653153,168.47750329716075,-6.934087543234537e-06,0.14991525301566377
0.0075,De_S3_In_D_d0,De_S3_In,De,S3,In,D,1788.5163033648569,40.07643208125239,-126.2885376562375,179.73940018371383,-6.3967684858239295e-06,0.1404908969838254
0.0075,De_S4_Ex_C_d0,De_S4_Ex,De,S4,Ex,C,883.4703923061672,44.18823558868546,-116.52647411080824,162.81258670505377,-3.414292045599175e-05,0.11541035591981116
0.0075,De_S4_Ex_D_d0,De_S4_Ex,De,S4,Ex,D,1168.2593343380272,62.29434228084011,-103.9101695478607,169.51848411758846,-0.00019478698512082198,0.10882011820304043
0.0075,De_S4_In_C_d0,De_S4_In,De,S4,In,C,859.6931345591483,35.20161645834218,-125.968438121697,162.15781212700773,-6.99700469533598e-06,0.13168517650660466
0.0075,De_S4_In_D_d0,De_S4_In,De,S4,In,D,975.2168211342363,49.86402334889371,-117.25932824517211,165.18383584621043,-5.550843473510877e-06,0.14472176804808015
0.0075,De_S5_Ex_C_d0,De_S5_Ex,De,S5,Ex,C,953.7488524781228,39.87445495938277,-124.28428589970797,164.64960910630862,-2.1439719191125e-05,0.1297762341888717
0.0075,De_S5_Ex_D_d0,De_S5_Ex,De,S5,Ex,D,739.9795088769532,48.29002666351175,-106.83581622797888,158.55893988259203,-2.96877656465198e-05,0.13508408538141342
0.0075,De_S5_In_C_d0,De_S5_In,De,S5,In,C,420.92325845712844,19.201330062890584,-123.91552828462176,145.01881279480392,-1.4211437394990032e-05,0.11608444543429182
0.0075,De_S5_In_D_d0,De_S5_In,De,S5,In,D,687.1044286313311,46.67296277844623,-111.27685512380933,156.77967089788513,-2.376493355402698e-05,0.14977902872037677
0.0075,Sc_S1_Ex_C_d0,Sc_S1_Ex,Sc,S1,Ex,C,400.2432825376934,13.959563400209833,-126.01388530978059,143.80974164567274,-1.9054303676583518e-05,0.11885984876549979
0.0075,Sc_S1_Ex_D_d0,Sc_S1_Ex,Sc,S1,Ex,D,257.95002809977603,2.2172192269804043,-121.05227561048596,133.26638103901502,-1.662664377386476e-05,0.10676086336114872
0.0075,Sc_S1_In_C_d0,Sc_S1_In,Sc,S1,In,C,397.0613155668274,26.317568971785246,-121.42662347430189,143.61817718479304,-5.413469810594542e-06,0.12217533693718863
0.0075,Sc_S1_In_D_d0,Sc_S1_In,Sc,S1,In,D,423.7964914893482,23.697543298807947,-119.99672293030592,145.1820808105347,-1.5803920191124727e-08,0.1202876379161337
0.0075,Sc_S2_Ex_C_d0,Sc_S2_Ex,Sc,S2,Ex,C,298.3922364560776,4.949983009222599,-125.15492888356131,136.76181241806734,-2.2994658957799693e-05,0.08108018522272752
0.0075,Sc_S2_Ex_D_d0,Sc_S2_Ex,Sc,S2,Ex,D,167.81789785848673,5.694380634332713,-114.91775714067352,122.94910680469135,-1.2831919035065455e-05,0.11604282580630342
0.0075,Sc_S2_In_C_d0,Sc_S2_In,Sc,S2,In,C,301.8594199902334,17.680759837235556,-115.2986108739816,137.0390738946373,-5.309961624188596e-06,0.10904011121028495
0.0075,Sc_S2_In_D_d0,Sc_S2_In,Sc,S2,In,D,188.188674161418,3.152461266354358,-116.60081367056908,125.69868109294134,-2.7187151421710456e-05,0.10960361107055817
0.0075,Sc_S3_Ex_C_d0,Sc_S3_Ex,Sc,S3,Ex,C,353.3326404438239,19.861401795708534,-118.45015629698702,140.81783849827283,-3.0018168702573168e-05,0.11461605508225205
0.0075,Sc_S3_Ex_D_d0,Sc_S3_Ex,Sc,S3,Ex,D,137.14369590520974,11.643414287902992,-105.65633828907892,118.1047020327205,-1.6820022836746442e-05,0.11468213540485571
0.0075,Sc_S3_In_C_d0,Sc_S3_In,Sc,S3,In,C,636.4949131583278,18.797847766466006,-140.40401031512528,154.9434342256736,-1.047130277007742e-05,0.12095816694393297
0.0075,Sc_S3_In_D_d0,Sc_S3_In,Sc,S3,In,D,769.8102865689594,34.42065643092188,-119.87877897879991,159.50745848187967,-6.048717564927782e-05,0.11836043019397664
0.0075,Sc_S4_Ex_C_d0,Sc_S4_Ex,Sc,S4,Ex,C,175.4295351724709,11.850162154376328,-111.48883648456847,124.01369887898002,-4.410245007905432e-06,0.11459004306494765
0.0075,Sc_S4_Ex_D_d0,Sc_S4_Ex,Sc,S4,Ex,D,278.58207927061005,34.034628096985344,-99.07628005229785,135.11310564121726,-2.5810874381744555e-05,0.12326922601596423
0.0075,Sc_S4_In_C_d0,Sc_S4_In,Sc,S4,In,C,525.3729264778766,18.14964153643405,-127.00597939471743,150.33860031769555,-7.0194267215584225e-06,0.09556688272267119
0.0075,Sc_S4_In_D_d0,Sc_S4_In,Sc,S4,In,D,274.5112064270883,15.319895074137076,-112.63782804154594,134.75981003969446,-2.872061095895964e-05,0.09921687662465563
0.0075,Sc_S5_Ex_C_d0,Sc_S5_Ex,Sc,S5,Ex,C,287.8539489915223,7.4628123996916,-120.9769565041314,135.89887751877853,-2.613567376803761e-05,0.1243301393184719
0.0075,Sc_S5_Ex_D_d0,Sc_S5_Ex,Sc,S5,Ex,D,334.42714974108196,11.83092617835625,-127.1734160139761,139.4980576159674,-1.0186737131503954e-05,0.1256814889180536
0.0075,Sc_S5_In_C_d0,Sc_S5_In,Sc,S5,In,C,1178.336901256205,33.52308806771366,-130.33326003722405,169.72462362235635,-1.295009121289208e-05,0.11500205357713675
0.0075,Sc_S5_In_D_d0,Sc_S5_In,Sc,S5,In,D,745.8360319391599,45.15929322239302,-112.03399506874064,158.7481387132033,-2.951675646073387e-05,0.11933818314807354
0.0075,Yo_S1_Ex_C_d0,Yo_S1_Ex,Yo,S1,Ex,C,541.4048326893574,31.021000104413496,-117.61735093172453,151.0600152821492,-1.634821141239777e-05,0.11849011143144289
0.0075,Yo_S1_Ex_D_d0,Yo_S1_Ex,Yo,S1,Ex,D,525.792579754434,37.835975169306295,-108.64197592403404,150.3577631975898,-2.6494345723838976e-05,0.11645540130364326
0.0075,Yo_S1_In_C_d0,Yo_S1_In,Yo,S1,In,C,351.69174195454417,26.176735949247036,-110.32457763643238,140.7061214120684,-1.614967860846965e-05,0.11555670374489657
0.0075,Yo_S1_In_D_d0,Yo_S1_In,Yo,S1,In,D,547.2255945614648,39.95663881377253,-110.42326706660114,151.31666733363295,-3.9542728328015305e-05,0.12028962762639057
0.0075,Yo_S2_Ex_C_d0,Yo_S2_Ex,Yo,S2,Ex,C,453.6672121400669,24.11945833419701,-112.85258999228512,146.81673399236854,-3.332297507482968e-05,0.13910204333022852
0.0075,Yo_S2_Ex_D_d0,Yo_S2_Ex,Yo,S2,Ex,D,379.4285418487495,32.9995154143527,-106.41762639862387,142.52799080597137,-3.234813121571777e-05,0.13397802514788845
0.0075,Yo_S2_In_C_d0,Yo_S2_In,Yo,S2,In,C,377.7998435682323,24.00557840858592,-115.48893939470992,142.42474898418212,-2.313305133977513e-05,0.13360878690854708
0.0075,Yo_S2_In_D_d0,Yo_S2_In,Yo,S2,In,D,237.13695387279895,26.371511049847815,-104.34941570465519,131.247308128271,-3.139915902795359e-05,0.13935054105321762
0.0075,Yo_S3_Ex_C_d0,Yo_S3_Ex,Yo,S3,Ex,C,462.12060569109514,34.33345484725635,-117.96892425495314,147.259821799037,-1.1724285267665967e-05,0.10997754078079297
0.0075,Yo_S3_Ex_D_d0,Yo_S3_Ex,Yo,S3,Ex,D,725.1185515541474,53.711420502543874,-101.9077694149949,158.07204386092482,-4.392471608755987e-05,0.12029438246912225
0.0075,Yo_S3_In_D_d0,Yo_S3_In,Yo,S3,In,D,374.5246692604852,31.499986861874312,-107.39512336467979,142.2157841594984,-7.304823968682144e-05,0.12908349980495645
0.0075,Yo_S4_Ex_C_d0,Yo_S4_Ex,Yo,S4,Ex,C,606.3047635665222,42.25823840051734,-108.4747559001352,153.77718647587568,-3.417863781184456e-05,0.13511385421876923
0.0075,Yo_S4_Ex_D_d0,Yo_S4_Ex,Yo,S4,Ex,D,474.12658262533785,34.37589577057254,-108.81127194866679,147.87538411188578,-3.2764453070678454e-05,0.11695654969897767
0.0075,Yo_S4_In_C_d0,Yo_S4_In,Yo,S4,In,C,761.8478228489435,42.753883033939644,-113.53615655700266,159.2579238766829,-5.024690304826546e-05,0.14294531211551723
0.0075,Yo_S4_In_D_d0,Yo_S4_In,Yo,S4,In,D,443.1983965363006,31.641905651341453,-113.26834528019701,146.2564204200725,-6.927025249653467e-05,0.133672011641834
0.0075,Yo_S5_Ex_C_d0,Yo_S5_Ex,Yo,S5,Ex,C,1153.9733025004496,47.15019136354057,-120.55034901838776,169.22319148925092,-2.642708225937971e-05,0.15782014492674407
0.0075,Yo_S5_Ex_D_d0,Yo_S5_Ex,Yo,S5,Ex,D,702.5559529967378,50.56223514874235,-109.05590849492944,157.31340111432166,-6.934906154068939e-06,0.1546890236025146
0.0075,Yo_S5_In_C_d0,Yo_S5_In,Yo,S5,In,C,721.25737418994,39.71854526603167,-113.8858037139453,157.94390500680487,-4.6536638967165524e-05,0.12421517597462059
0.0075,Yo_S5_In_D_d0,Yo_S5_In,Yo,S5,In,D,769.3591577060463,50.23334000359104,-103.80146406185274,159.4933897345299,-8.927465067059157e-05,0.13285659010605994
0.01,De_S1_Ex_C_d0,De_S1_Ex,De,S1,Ex,C,491.01082202672643,44.637953492777214,-96.4460555349279,148.71518804014215,-4.344608480428045e-05,0.13105021843751583
0.01,De_S1_Ex_D_d0,De_S1_Ex,De,S1,Ex,D,391.5752985690879,43.537779212006065,-97.2654193528916,143.28426793072663,-6.165957464599881e-05,0.12088598433164605
0.01,De_S1_In_C_d0,De_S1_In,De,S1,In,C,652.358775678581,35.86752073931008,-116.61111424714653,155.53427232071076,-2.5623912023914003e-05,0.1408057809430417
0.01,De_S1_In_D_d0,De_S1_In,De,S1,In,D,960.4223687960525,45.85865567815504,-117.91419889721905,164.8169557248108,-6.26658169705391e-05,0.13842132689780925
0.01,De_S2_Ex_C_d0,De_S2_Ex,De,S2,Ex,C,1199.7139996544379,52.341518586469974,-112.86690720731082,170.15612336997165,-3.872674705286964e-05,0.1139613944500779
0.01,De_S2_Ex_D_d0,De_S2_Ex,De,S2,Ex,D,799.5995582607695,58.04048824879043,-102.66592861968114,160.4186652042199,-3.912698513294728e-05,0.12700973609776164
0.01,De_S2_In_C_d0,De_S2_In,De,S2,In,C,772.0874718252294,41.31154127535875,-114.52329845613764,159.57834837790298,-1.784399716601331e-05,0.11935304164787035
0.01,De_S2_In_D_d0,De_S2_In,De,S2,In,D,711.5851853740166,39.373900817489115,-114.9890996129298,157.61988328368173,-1.8126050690435162e-05,0.1305432189427804
0.01,De_S3_Ex_C_d0,De_S3_Ex,De,S3,Ex,C,1284.054396394173,44.268324126891955,-124.6001022548255,171.7866683554923,-3.073711904189463e-05,0.09356861197849647
0.01,De_S3_Ex_D_d0,De_S3_Ex,De,S3,Ex,D,905.3151629842088,47.198310470434535,-113.07596219932336,163.39879510722278,-0.00010297773752492991,0.11383719203543381
0.01,De_S3_In_C_d0,De_S3_In,De,S3,In,C,1163.4442075944407,43.36853660577062,-121.75837365322403,169.4193607049922,-8.910691534746865e-06,0.14134131270398007
0.01,De_S3_In_D_d0,De_S3_In,De,S3,In,D,1931.7839433508657,44.507372440182806,-132.23278545728033,181.5887802709254,-8.141262807766728e-06,0.12866802186665244
0.01,De_S4_Ex_C_d0,De_S4_Ex,De,S4,Ex,C,912.7814652676839,45.07003188572664,-117.09408201925397,163.5959158315687,-4.446512038254571e-05,0.10124548887968073
0.01,De_S4_Ex_D_d0,De_S4_Ex,De,S4,Ex,D,1212.321740261526,62.69717006615105,-104.31324619017445,170.40702224789695,-0.0002455225828239549,0.09410764428339877
0.01,De_S4_In_C_d0,De_S4_In,De,S4,In,C,887.7126921054538,36.15869560685223,-126.36103847075049,162.92755549713425,-9.147971899109534e-06,0.11826082387840123
0.01,De_S4_In_D_d0,De_S4_In,De,S4,In,D,1012.5950213812362,46.13090494201877,-117.79653257831716,166.0865194285196,-7.189509908151e-06,0.1335796437236154
0.01,De_S5_Ex_C_d0,De_S5_Ex,De,S5,Ex,C,979.7929128476356,40.14559648140582,-124.63465372362965,165.29618966193627,-2.787229167298078e-05,0.1183851090194408
0.01,De_S5_Ex_D_d0,De_S5_Ex,De,S5,Ex,D,754.6561851997899,48.350883486750845,-107.0071946913324,159.03029428053543,-3.957886406119166e-05,0.12233492737683571
0.01,De_S5_In_C_d0,De_S5_In,De,S5,In,C,431.70206631918154,16.739239038693206,-125.36394862441075,145.62565653648403,-1.8830506459083037e-05,0.10068569451120286
0.01,De_S5_In_D_d0,De_S5_In,De,S5,In,D,704.4528865458933,47.74940515012999,-111.65968143379163,157.3781148978943,-3.137576392215852e-05,0.13798342358988297
0.01,Sc_S1_Ex_C_d0,Sc_S1_Ex,Sc,S1,Ex,C,410.4021028459565,13.76921522939621,-126.18650477674566,144.41129802569014,-2.5234792559484427e-05,0.10969618132862781
0.01,Sc_S1_Ex_D_d0,Sc_S1_Ex,Sc,S1,Ex,D,262.55469646281097,6.724563473327027,-124.53087743397097,133.69102626728557,-2.1930222029754345e-05,0.09422228060525382
0.01,Sc_S1_In_C_d0,Sc_S1_In,Sc,S1,In,C,408.50595279045524,26.440135284324555,-121.75467809379074,144.30015567620012,-7.154733943525318e-06,0.11511855006233648
0.01,Sc_S1_In_D_d0,Sc_S1_In,Sc,S1,In,D,436.70897240101425,25.847650836153615,-120.24955956539738,145.9024081486872,-2.3522922023643462e-08,0.13556075907562187
0.01,Sc_S2_Ex_C_d0,Sc_S2_Ex,Sc,S2,Ex,C,304.76249323701944,9.215394893765826,-124.56122857848504,137.26878630135468,-3.065390379621081e-05,0.06829042290444978
0.01,Sc_S2_Ex_D_d0,Sc_S2_Ex,Sc,S2,Ex,D,169.13347376280643,5.973254412568714,-113.50230152758908,123.13651653084708,-1.707919207086267e-05,0.10472269539824901
0.01,Sc_S2_In_C_d0,Sc_S2_In,Sc,S2,In,C,308.9467318541666,17.80491886640775,-117.02056657644447,137.5960529571748,-7.076983825356524e-06,0.09835969015085236
0.01,Sc_S2_In_D_d0,Sc_S2_In,Sc,S2,In,D,191.5465696304238,3.3620252780708526,-116.86209248668257,126.12314310012209,-3.623691563163486e-05,0.09877816518723229
0.01,Sc_S3_Ex_C_d0,Sc_S3_Ex,Sc,S3,Ex,C,360.56851388651984,19.689210811561487,-117.00676751396936,141.30436778537106,-3.984314225856523e-05,0.10565082653272831
0.01,Sc_S3_Ex_D_d0,Sc_S3_Ex,Sc,S3,Ex,D,137.92147726711846,11.344247284513816,-103.50252030367884,118.2404284296363,-2.2399403452704862e-05,0.10267605074388234
0.01,Sc_S3_In_C_d0,Sc_S3_In,Sc,S3,In,C,669.8744693062788,18.455921416865394,-144.33213555282916,156.1701680540812,-1.3693639928328473e-05,0.11421875011619283
0.01,Sc_S3_In_D_d0,Sc_S3_In,Sc,S3,In,D,799.8769504291707,33.13230297587785,-120.6511389875962,160.42698969297882,-6.610753519016379e-05,0.10940616680535746
0.01,Sc_S4_Ex_C_d0,Sc_S4_Ex,Sc,S4,Ex,C,176.96373439793592,11.227715805487385,-111.61386894206831,124.22267570817074,-5.861658403767062e-06,0.1049417723063618
0.01,Sc_S4_Ex_D_d0,Sc_S4_Ex,Sc,S4,Ex,D,281.89035073753354,34.180038089950095,-99.04368050153792,135.39643603568067,-3.427043053886566e-05,0.11232612107437077
0.01,Sc_S4_In_C_d0,Sc_S4_In,Sc,S4,In,C,544.8475392039539,17.20319054621531,-128.08382395880125,151.2121442627407,-9.034407913372476e-06,0.08333967191576623
0.01,Sc_S4_In_D_d0,Sc_S4_In,Sc,S4,In,D,278.56610454860396,16.06921495070593,-112.82847452869869,135.11172937063293,-3.813702510763179e-05,0.0865644472932105
0.01,Sc_S5_Ex_C_d0,Sc_S5_Ex,Sc,S5,Ex,C,294.23492409343515,7.608282016125216,-121.15034680165594,136.42508423523043,-3.47927302125835e-05,0.11872958585776736
0.01,Sc_S5_Ex_D_d0,Sc_S5_Ex,Sc,S5,Ex,D,342.14664892694856,11.966908356427687,-125.62472910145249,140.04574663648836,-1.3471226882627047e-05,0.11816175003915093
0.01,Sc_S5_In_C_d0,Sc_S5_In,Sc,S5,In,C,1265.5269333432668,32.985008553955566,-129.06989385812017,171.43785270064777,-1.694262664413422e-05,0.10634967992863757
0.01,Sc_S5_In_D_d0,Sc_S5_In,Sc,S5,In,D,771.1098785567473,45.67107673115997,-112.38447261576802,159.54794106599792,-3.9327445906018806e-05,0.11020417177230164
0.01,Yo_S1_Ex_C_d0,Yo_S1_Ex,Yo,S1,Ex,C,554.5924092286864,29.279100805984083,-117.94218879977697,151.63760270779505,-2.142994555730125e-05,0.10752708582057123
0.01,Yo_S1_Ex_D_d0,Yo_S1_Ex,Yo,S1,Ex,D,536.2129066504193,38.13790669213983,-111.71047140199232,150.82875110645477,-3.530410470065608e-05,0.10470981629667471
0.01,Yo_S1_In_C_d0,Yo_S1_In,Yo,S1,In,C,357.7259909785786,26.55000200566013,-110.51890264571995,141.11441532032435,-2.131601115982622e-05,0.10477851638973869
0.01,Yo_S1_In_D_d0,Yo_S1_In,Yo,S1,In,D,563.041848857702,40.36125055303314,-109.57172967498073,152.0004949745679,-5.1362941416774764e-05,0.1108787443722281
0.01,Yo_S2_Ex_C_d0,Yo_S2_Ex,Yo,S2,Ex,C,462.14878676316005,22.86544731307028,-117.89404944495372,147.2612853241419,-4.359099716927028e-05,0.1338016805961358
0.01,Yo_S2_Ex_D_d0,Yo_S2_Ex,Yo,S2,Ex,D,385.8867799791048,33.17849674209805,-108.50315826228443,142.93305624775047,-4.312357910048861e-05,0.12704017466890422
0.01,Yo_S2_In_C_d0,Yo_S2_In,Yo,S2,In,C,384.2977757502471,22.42248347830066,-115.6337264801004,142.83402503420876,-3.056210310896814e-05,0.12819131854751328
0.01,Yo_S2_In_D_d0,Yo_S2_In,Yo,S2,In,D,239.99369207272062,26.547781400235625,-104.48298625158235,131.53470335919013,-4.083572125355625e-05,0.1338395425961665
0.01,Yo_S3_Ex_C_d0,Yo_S3_Ex,Yo,S3,Ex,C,474.06318770934627,34.33287741045375,-118.33577277294862,147.87217488513883,-1.5381273812001895e-05,0.09645949098069535
0.01,Yo_S3_Ex_D_d0,Yo_S3_Ex,Yo,S3,Ex,D,746.090467143911,54.32606177295747,-102.23599442865103,158.75632469954644,-5.8556289915094366e-05,0.10882395614234264
0.01,Yo_S3_In_D_d0,Yo_S3_In,Yo,S3,In,D,380.6906841621932,31.70594015343642,-106.83488940925167,142.6076926272778,-9.689553721729234e-05,0.1214845665901345
0.01,Yo_S4_Ex_C_d0,Yo_S4_Ex,Yo,S4,Ex,C,621.254976738563,42.247220357429924,-110.87092347450815,154.36179811741277,-4.55680412147107e-05,0.1262872393620827
0.01,Yo_S4_Ex_D_d0,Yo_S4_Ex,Yo,S4,Ex,D,484.60271959480485,34.5290762301923,-110.12269354084643,148.3999060897712,-4.3680272729535084e-05,0.10538879055230964
0.01,Yo_S4_In_C_d0,Yo_S4_In,Yo,S4,In,C,790.5047046000252,42.16744283250285,-117.37175446127246,160.14411859331997,-6.61105523070063e-05,0.1406981158231279
0.01,Yo_S4_In_D_d0,Yo_S4_In,Yo,S4,In,D,455.07793573161695,32.410909746573125,-113.5569206897891,146.8912485985245,-8.97321794879098e-05,0.12697145130344087
0.01,Yo_S5_Ex_C_d0,Yo_S5_Ex,Yo,S5,Ex,C,1204.7465892469297,46.70221529135154,-120.33867881702002,170.2565885862864,-3.523164002885738e-05,0.15750881824691637
0.01,Yo_S5_Ex_D_d0,Yo_S5_Ex,Yo,S5,Ex,D,736.2063744976563,49.31490794256625,-109.55958322142887,158.436251509363,-9.245299682636561e-06,0.1536943725648643
0.01,Yo_S5_In_C_d0,Yo_S5_In,Yo,S5,In,C,745.3325334131204,40.02327730245425,-114.2846349064526,158.73193133683424,-6.20024016823989e-05,0.11646733677838114
0.01,Yo_S5_In_D_d0,Yo_S5_In,Yo,S5,In,D,794.3953622421861,50.83217158500777,-106.68722161792527,160.26195059160497,-0.00011309402020741252,0.12656248124041858
0.015,De_S1_Ex_C_d0,De_S1_Ex,De,S1,Ex,C,509.41253217646533,44.587293074647974,-96.81564170396345,149.59819593794654,-5.2958917865112525e-05,0.11314143743904768
0.015,De_S1_Ex_D_d0,De_S1_Ex,De,S1,Ex,D,401.15360653965445,43.915404025163966,-97.22935643985002,143.86426590385668,-9.247955158193172e-05,0.09975573718074385
0.015,De_S1_In_C_d0,De_S1_In,De,S1,In,C,679.6732153734279,36.46033599890481,-117.152214085796,156.5186908088201,-3.7457912419522665e-05,0.12452545944452832
0.015,De_S1_In_D_d0,De_S1_In,De,S1,In,D,1031.9102044920153,46.35118985352067,-117.78762395909501,166.5400063465121,-9.243720813725297e-05,0.11890594888902578
0.015,De_S2_Ex_C_d0,De_S2_Ex,De,S2,Ex,C,1294.9680792372988,53.493525141320305,-117.88282521163936,171.9897917902136,-5.8086975960311386e-05,0.09528754240505455
0.015,De_S2_Ex_D_d0,De_S2_Ex,De,S2,Ex,D,833.1762105414682,58.77566912555489,-102.67825631654529,161.40588376945578,-5.868847324530109e-05,0.1072046737284947
0.015,De_S2_In_C_d0,De_S2_In,De,S2,In,C,805.7916723854238,42.04990376233175,-115.59402819691876,160.60380571467405,-2.5550322223884603e-05,0.09857203551922368
0.015,De_S2_In_D_d0,De_S2_In,De,S2,In,D,743.1996500375661,40.199888030853344,-115.37282174133622,158.66315319872578,-2.6054764014638093e-05,0.10956128170460902
0.015,De_S3_Ex_C_d0,De_S3_Ex,De,S3,Ex,C,1380.7657687631395,44.76369394582949,-125.37670088267186,173.52944469958283,-4.610033680957166e-05,0.07782520597945104
0.015,De_S3_Ex_D_d0,De_S3_Ex,De,S3,Ex,D,944.2385613809685,47.62442129450099,-113.75575906250795,164.40909234110794,-0.0001544429561989481,0.0927383300250416
0.015,De_S3_In_C_d0,De_S3_In,De,S3,In,C,1253.0811833060293,43.36856633699651,-124.85163408741323,171.20065785463885,-1.2515258360046439e-05,0.12535545095261755
0.015,De_S3_In_D_d0,De_S3_In,De,S3,In,D,2217.3672820573356,41.874062062967695,-130.7140813357878,184.89782069127943,-1.1520377426167563e-05,0.1093666501119331
0.015,De_S4_Ex_C_d0,De_S4_Ex,De,S4,Ex,C,971.5160905526726,44.71200528478853,-117.74765150852976,165.0925879504013,-6.354176781066022e-05,0.0821812653347839
0.015,De_S4_Ex_D_d0,De_S4_Ex,De,S4,Ex,D,1300.4228731141436,63.478022905435125,-105.03799661318436,172.0906746615878,-0.0003488419065038162,0.07593101001229288
0.015,De_S4_In_C_d0,De_S4_In,De,S4,In,C,943.9289119264669,35.49263905847345,-127.79303367559694,164.4012205955348,-1.3147252016856747e-05,0.09602564486726008
0.015,De_S4_In_D_d0,De_S4_In,De,S4,In,D,1086.6406655129824,46.62133092816773,-118.88086061061891,167.7803101911441,-1.0199672310689462e-05,0.11489746602192076
0.015,De_S5_Ex_C_d0,De_S5_Ex,De,S5,Ex,C,1032.1717371707994,41.8389716530831,-125.30729211595725,166.54608826041067,-3.971309068956243e-05,0.10000158099557097
0.015,De_S5_Ex_D_d0,De_S5_Ex,De,S5,Ex,D,783.9299280922525,49.00015731073016,-108.59641778749065,159.94367133414374,-5.936312602414308e-05,0.10216108976839756
0.015,De_S5_In_C_d0,De_S5_In,De,S5,In,C,453.2187615481944,17.332652292678397,-125.00914976492822,146.7929982297821,-2.7796702506340426e-05,0.0786891250768912
0.015,De_S5_In_D_d0,De_S5_In,De,S5,In,D,739.5800154047555,45.524111690874285,-111.86334910211986,158.54597947997436,-4.6090028718346726e-05,0.11845891452933971
0.015,Sc_S1_Ex_C_d0,Sc_S1_Ex,Sc,S1,Ex,C,430.74452654338256,15.703770352370181,-125.20637813696695,145.5723640445151,-3.7204871209626215e-05,0.09406555709478898
0.015,Sc_S1_Ex_D_d0,Sc_S1_Ex,Sc,S1,Ex,D,271.6635720570638,2.1662259427274826,-121.71051354318689,134.50954639936515,-3.224507360298218e-05,0.07536994817688504
0.015,Sc_S1_In_C_d0,Sc_S1_In,Sc,S1,In,C,431.386263910924,27.78056646014733,-123.68563482474573,145.6080934253378,-1.0664208441069021e-05,0.10240026812161529
0.015,Sc_S1_In_D_d0,Sc_S1_In,Sc,S1,In,D,462.6186790549534,25.572278492787145,-115.97673999538395,147.2856750575407,-3.298022275744568e-08,0.09565307106397149
0.015,Sc_S2_Ex_C_d0,Sc_S2_Ex,Sc,S2,Ex,C,317.47495298888214,8.202352133964094,-125.12910586801189,138.24957424792592,-4.5974807974113387e-05,0.05182260274665702
0.015,Sc_S2_Ex_D_d0,Sc_S2_Ex,Sc,S2,Ex,D,171.81224766355342,5.714033327157917,-113.75340564907992,123.51365513402394,-2.5515985395495753e-05,0.08660678282640533
0.015,Sc_S2_In_C_d0,Sc_S2_In,Sc,S2,In,C,323.4338113282454,18.670088124687442,-112.74885464709169,138.69586778975415,-1.0612298339396852e-05,0.0816493121522223
0.015,Sc_S2_In_D_d0,Sc_S2_In,Sc,S2,In,D,198.2770053885756,1.6765192536453846,-117.30996883716077,126.95196168230149,-5.429074601064323e-05,0.08099031106952508
0.015,Sc_S3_Ex_C_d0,Sc_S3_Ex,Sc,S3,Ex,C,374.95489819882613,20.034355074783758,-117.31400208316126,142.2433379344181,-5.905954311210703e-05,0.09039666241106459
0.015,Sc_S3_Ex_D_d0,Sc_S3_Ex,Sc,S3,Ex,D,139.50612981918366,11.68405113421945,-103.75032644137077,118.51460499965238,-3.3499739822072107e-05,0.08371561382083699
0.015,Sc_S3_In_C_d0,Sc_S3_In,Sc,S3,In,C,736.6349964197116,20.550528024323413,-138.30546890878122,158.45022032721786,-1.9713384941579957e-05,0.10224660683517105
0.015,Sc_S3_In_D_d0,Sc_S3_In,Sc,S3,In,D,860.0160459931383,35.53886033760385,-121.49671028863287,162.16682513292116,-8.281871605236639e-05,0.09452757056503976
0.015,Sc_S4_Ex_C_d0,Sc_S4_Ex,Sc,S4,Ex,C,180.03131303414693,10.444570851206237,-111.7843443259128,124.63513912947633,-8.71504553090416e-06,0.08877044562742646
0.015,Sc_S4_Ex_D_d0,Sc_S4_Ex,Sc,S4,Ex,D,288.54166652652066,34.55435043626554,-99.23087902245814,135.95614800532536,-5.084172066959547e-05,0.09442391383822993
0.015,Sc_S4_In_C_d0,Sc_S4_In,Sc,S4,In,C,583.7965861030424,17.914385809356066,-127.0336449315485,152.8692626564713,-1.2735203816856112e-05,0.06568608055234805
0.015,Sc_S4_In_D_d0,Sc_S4_In,Sc,S4,In,D,286.6436425036599,15.682117677689794,-113.21503346625403,135.7977547321482,-5.655744833066928e-05,0.06792894495491787
0.015,Sc_S5_Ex_C_d0,Sc_S5_Ex,Sc,S5,Ex,C,307.0087850073139,7.873459318024572,-121.88718635461534,137.44503270808272,-5.213027122370787e-05,0.10844617130869655
0.015,Sc_S5_Ex_D_d0,Sc_S5_Ex,Sc,S5,Ex,D,357.56012244140265,8.14217124525972,-128.2613600504298,141.10328454373334,-2.0087493615229562e-05,0.10498988798030581
0.015,Sc_S5_In_C_d0,Sc_S5_In,Sc,S5,In,C,1439.86997540585,34.53176831987634,-130.5775733068086,174.53539424726813,-2.4623763304398296e-05,0.09235567635761148
0.015,Sc_S5_In_D_d0,Sc_S5_In,Sc,S5,In,D,821.6511383941121,46.819716059010396,-113.07256856686801,161.07158157897481,-5.896089432790552e-05,0.09478052683047238
0.015,Yo_S1_Ex_C_d0,Yo_S1_Ex,Yo,S1,Ex,C,580.9272118598592,28.976292948982156,-122.69340810644168,152.7510112370793,-3.096970810071637e-05,0.08964733780289506
0.015,Yo_S1_Ex_D_d0,Yo_S1_Ex,Yo,S1,Ex,D,557.058363816006,38.62859797180238,-110.97034027833067,151.74408040493927,-5.293290333199191e-05,0.08619462170474972
0.015,Yo_S1_In_C_d0,Yo_S1_In,Yo,S1,In,C,369.70069495677114,26.668682523911198,-110.88456736344072,141.90464989743631,-3.1228194312283664e-05,0.08717528497866878
0.015,Yo_S1_In_D_d0,Yo_S1_In,Yo,S1,In,D,594.619155664808,41.54938741113584,-110.07850857479332,153.31010702634137,-7.338627344239536e-05,0.09509163053759274
0.015,Yo_S2_Ex_C_d0,Yo_S2_Ex,Yo,S2,Ex,C,479.1083371340815,24.62253843966792,-113.71986049369494,148.12624188948274,-5.7353678081013795e-05,0.12372048107554308
0.015,Yo_S2_Ex_D_d0,Yo_S2_Ex,Yo,S2,Ex,D,398.92534886689657,33.54882454740225,-109.58902446067134,143.73058329152678,-6.467758389402248e-05,0.11466712155387063
0.015,Yo_S2_In_C_d0,Yo_S2_In,Yo,S2,In,C,397.3087936179528,23.528427884691943,-117.1521048071732,143.63313110451003,-4.5013487301367245e-05,0.11823469969748462
0.015,Yo_S2_In_D_d0,Yo_S2_In,Yo,S2,In,D,245.66668673848994,26.852649087969812,-103.79169141731509,132.09541644539306,-5.8776582503302986e-05,0.12375938556325443
0.015,Yo_S3_Ex_C_d0,Yo_S3_Ex,Yo,S3,Ex,C,498.0208407565715,,-119.2478716675218,149.05540620138697,-2.227676196723224e-05,0.07776637888847704
0.015,Yo_S3_Ex_D_d0,Yo_S3_Ex,Yo,S3,Ex,D,788.1247953913864,57.239434553803775,-101.68501983946366,160.07175473051356,-8.782375580142323e-05,0.09059892000512144
0.015,Yo_S3_In_D_d0,Yo_S3_In,Yo,S3,In,D,393.00122243535867,,-107.3022881379751,143.37150533728715,-0.0001332209899938768,0.10806059375575225
0.015,Yo_S4_Ex_C_d0,Yo_S4_Ex,Yo,S4,Ex,C,651.08708037401,44.637016133802256,-111.51543058937025,155.4874415346801,-6.83483358003386e-05,0.11068350944705153
0.015,Yo_S4_Ex_D_d0,Yo_S4_Ex,Yo,S4,Ex,D,505.1400837205238,35.03332588650543,-112.66341152381705,149.39605882355718,-6.551433747730692e-05,0.08642715085242902
0.015,Yo_S4_In_C_d0,Yo_S4_In,Yo,S4,In,C,847.6320732034081,43.35341595844888,-117.19482596420828,161.81871997682703,-9.714788127777926e-05,0.13627877579183953
0.015,Yo_S4_In_D_d0,Yo_S4_In,Yo,S4,In,D,478.86280421932275,32.50361712888162,-110.32490589877894,148.11393924313177,-0.00012789670307963556,0.11501500162321703
0.015,Yo_S5_Ex_C_d0,Yo_S5_Ex,Yo,S5,Ex,C,1306.4868248491537,49.490096828728156,-119.49849305589183,172.2023280143988,-5.284266938990232e-05,0.1570966699217921
0.015,Yo_S5_Ex_D_d0,Yo_S5_Ex,Yo,S5,Ex,D,803.5131918294846,51.49951738472183,-109.63310235909438,160.53584647202598,-1.3866618750361185e-05,0.1514458646714506
0.015,Yo_S5_In_C_d0,Yo_S5_In,Yo,S5,In,C,793.4690810743434,40.683559819598884,-115.0303870663227,160.2339497749818,-9.295382060081339e-05,0.10291565594613213
0.015,Yo_S5_In_D_d0,Yo_S5_In,Yo,S5,In,D,844.5338165452353,51.60151953818537,-107.1863088549143,161.73083468929318,-0.00015655843042232362,0.11526877890225
0.02,De_S1_Ex_C_d0,De_S1_Ex,De,S1,Ex,C,527.4850376758427,45.77446096484529,-97.17362280429754,150.4348920084571,-6.44878528335174e-05,0.09871897051060197
0.02,De_S1_Ex_D_d0,De_S1_Ex,De,S1,Ex,D,410.6785174099969,44.27562513738757,-97.1962979079135,144.42745709612467,-0.00011842885776956876,0.08413870627825262
0.02,De_S1_In_C_d0,De_S1_In,De,S1,In,C,707.0961407443879,36.80346964572156,-117.64634464406782,157.46799937755196,-4.85771991182434e-05,0.11133690109447714
0.02,De_S1_In_D_d0,De_S1_In,De,S1,In,D,1103.3245798875046,52.77204945629704,-116.87944180200574,168.14599790483578,-0.00012116615705225474,0.10376960223415324
0.02,De_S2_Ex_C_d0,De_S2_Ex,De,S2,Ex,C,1390.2247654911814,53.90681831161526,-114.52326438266022,173.6932971562711,-7.744783939838792e-05,0.08214012516435053
0.02,De_S2_Ex_D_d0,De_S2_Ex,De,S2,Ex,D,866.2501491220546,59.09658341363793,-103.39286292981672,162.34016934361847,-7.825035124676947e-05,0.09235744972541415
0.02,De_S2_In_C_d0,De_S2_In,De,S2,In,C,839.764303566911,42.060194799788235,-116.78594392446091,161.59491027534168,-3.2666302046671314e-05,0.08325185529500165
0.02,De_S2_In_D_d0,De_S2_In,De,S2,In,D,774.9130969388335,40.63584885378451,-115.83741619534159,159.66602136201178,-3.3352872277517315e-05,0.094613391605089
0.02,De_S3_Ex_C_d0,De_S3_Ex,De,S3,Ex,C,1477.5984012514969,45.55429188688294,-126.2884225059917,175.15616032546538,-6.146462188528983e-05,0.06945868235285223
0.02,De_S3_Ex_D_d0,De_S3_Ex,De,S3,Ex,D,983.2672122844324,48.79219792848342,-114.50299400926994,165.3811419998468,-0.00020591283052680511,0.07847914733997283
0.02,De_S3_In_C_d0,De_S3_In,De,S3,In,C,1342.8596695096137,42.75324296623772,-125.34129223010459,172.86136081801737,-1.5996750131296316e-05,0.11300531487927779
0.02,De_S3_In_D_d0,De_S3_In,De,S3,In,D,2503.2173553698944,42.90620165864719,-129.61854585295157,187.8079710144961,-1.492958238049033e-05,0.09731623447915361
0.02,De_S4_Ex_C_d0,De_S4_Ex,De,S4,Ex,C,1030.2216184754582,45.59454515476758,-118.85221136531398,166.50070131954544,-8.122771361449853e-05,0.07052518907868285
0.02,De_S4_Ex_D_d0,De_S4_Ex,De,S4,Ex,D,1388.7510361623238,64.23467464531848,-106.14961624252933,173.6678420895611,-0.00045067117112451314,0.06555594983962768
0.02,De_S4_In_C_d0,De_S4_In,De,S4,In,C,1000.1402061865542,35.13536463622265,-128.60460669464433,165.78949140817733,-1.6887062277178344e-05,0.08203125169354045
0.02,De_S4_In_D_d0,De_S4_In,De,S4,In,D,1160.8368741067763,54.08690430644963,-123.96486752734437,169.3655152123407,-1.2999541953896284e-05,0.09947113554283801
0.02,De_S5_Ex_C_d0,De_S5_Ex,De,S5,Ex,C,1084.4833197329763,40.426698004782494,-126.11733276430178,167.73261478902756,-5.0629647216320135e-05,0.08614784093318638
0.02,De_S5_Ex_D_d0,De_S5_Ex,De,S5,Ex,D,813.1782961428393,49.5613701609515,-108.89557215131786,160.82280940685814,-7.91484207642623e-05,0.08730708858765024
0.02,De_S5_In_C_d0,De_S5_In,De,S5,In,C,474.7831299826979,18.4365373334331,-126.85393318379299,147.9085951516332,-3.635221286537565e-05,0.06414586669245519
0.02,De_S5_In_D_d0,De_S5_In,De,S5,In,D,774.5160482403585,45.86172595626853,-111.56998278702685,159.65372113001777,-6.00862101860403e-05,0.10302183674564636
0.02,Sc_S1_Ex_C_d0,Sc_S1_Ex,Sc,S1,Ex,C,451.09273549896557,15.75171368456456,-127.60297814225365,146.68015056754342,-4.862655153877346e-05,0.08251829689625287
0.02,Sc_S1_Ex_D_d0,Sc_S1_Ex,Sc,S1,Ex,D,280.8089349040727,2.581244202317393,-122.11976623154547,135.30418778650503,-4.2001136143361694e-05,0.06320785312044329
0.02,Sc_S1_In_C_d0,Sc_S1_In,Sc,S1,In,C,454.2811606515438,27.34684665759595,-121.92295837196329,146.8491912706957,-1.4187209722120273e-05,0.09166176290263073
0.02,Sc_S1_In_D_d0,Sc_S1_In,Sc,S1,In,D,488.6549242450287,27.304806832345175,-115.29055167047838,148.5997575354613,-4.2012380128626825e-08,0.08327283252439979
0.02,Sc_S2_Ex_C_d0,Sc_S2_Ex,Sc,S2,Ex,C,330.17380696991364,9.042049993725696,-124.87860428661364,139.1908608863235,-6.129691984693596e-05,0.04182461285350118
0.02,Sc_S2_Ex_D_d0,Sc_S2_Ex,Sc,S2,Ex,D,174.48278176149415,6.112054855770943,-113.89314771097747,123.88382555808462,-3.3849461628295865e-05,0.07307193960150633
0.02,Sc_S2_In_C_d0,Sc_S2_In,Sc,S2,In,C,337.81614707024534,18.790870559131115,-111.83787957727223,139.74004329390928,-1.4148248074555275e-05,0.06898425586967266
0.02,Sc_S2_In_D_d0,Sc_S2_In,Sc,S2,In,D,204.9736246170939,7.166215121758034,-117.60790369526757,127.74915145095667,-7.225043235151653e-05,0.06830060768573164
0.02,Sc_S3_Ex_C_d0,Sc_S3_Ex,Sc,S3,Ex,C,389.40905881665793,19.95452694882907,-119.56954088741944,143.1511285486216,-7.758731196701635e-05,0.07826180985869494
0.02,Sc_S3_Ex_D_d0,Sc_S3_Ex,Sc,S3,Ex,D,141.07849383973215,11.619555050832261,-103.86197756347691,118.78359430512992,-4.449382046280033e-05,0.06994276325449492
0.02,Sc_S3_In_C_d0,Sc_S3_In,Sc,S3,In,C,803.39335602794,21.063918463362153,-146.91591488435677,160.53226684974334,-2.52932814250012e-05,0.09212004053900119
0.02,Sc_S3_In_D_d0,Sc_S3_In,Sc,S3,In,D,920.1340944768478,34.67398223749765,-119.54113010438812,163.7884659429124,-0.00010243434734402467,0.082864271575384
0.02,Sc_S4_Ex_C_d0,Sc_S4_Ex,Sc,S4,Ex,C,183.09924316521312,11.542802195705944,-111.94448143472816,125.0406796373141,-1.1485599533051777e-05,0.07609836507671783
0.02,Sc_S4_Ex_D_d0,Sc_S4_Ex,Sc,S4,Ex,D,295.20846559596913,34.85170588834175,-99.42786119879929,136.5043624753979,-6.685991847071e-05,0.08072734166350214
0.02,Sc_S4_In_C_d0,Sc_S4_In,Sc,S4,In,C,622.6645090694592,19.789834650031093,-129.55475192392865,154.4161887605472,-1.6231873486835906e-05,0.05386981658435301
0.02,Sc_S4_In_D_d0,Sc_S4_In,Sc,S4,In,D,294.7184895693879,16.778972759709426,-113.68187298810375,136.4644950740559,-7.43051199225794e-05,0.05529541938995784
0.02,Sc_S5_Ex_C_d0,Sc_S5_Ex,Sc,S5,Ex,C,319.77517629889644,8.085864278340372,-121.06033551353326,138.4228361953681,-6.947953976266114e-05,0.09931847139910321
0.02,Sc_S5_Ex_D_d0,Sc_S5_Ex,Sc,S5,Ex,D,373.0057281702422,10.175338044884978,-128.93771560513244,142.11825063721622,-2.672751992348145e-05,0.09372842394678228
0.02,Sc_S5_In_C_d0,Sc_S5_In,Sc,S5,In,C,1614.2239869859416,34.97922242099595,-140.02827403377097,177.27863080232927,-3.210489480667021e-05,0.08218677594914929
0.02,Sc_S5_In_D_d0,Sc_S5_In,Sc,S5,In,D,872.1458480187533,47.47538353566476,-112.76823387059484,162.50296000380825,-7.860038314968673e-05,0.08258389048250943
0.02,Yo_S1_Ex_C_d0,Yo_S1_Ex,Yo,S1,Ex,C,607.2417634216278,29.416056506852378,-122.16548388881775,153.81424809731544,-3.9785554064829166e-05,0.07581757486788146
0.02,Yo_S1_Ex_D_d0,Yo_S1_Ex,Yo,S1,Ex,D,577.857644848724,39.13377035301687,-104.78371859145551,152.62386117957973,-7.056634529768441e-05,0.07265556286157827
0.02,Yo_S1_In_C_d0,Yo_S1_In,Yo,S1,In,C,381.7073981854459,,-112.79321421595685,142.67170420230195,-4.0567639698389454e-05,0.07381544964028675
0.02,Yo_S1_In_D_d0,Yo_S1_In,Yo,S1,In,D,626.3334675127103,41.66622990918212,-111.90796622099396,154.5571901994075,-9.373008227555246e-05,0.08250674897692498
0.02,Yo_S2_Ex_C_d0,Yo_S2_Ex,Yo,S2,Ex,C,496.11072686823843,23.966876853243257,-114.27079734133955,148.9631793951449,-6.148841254547545e-05,0.11473867251962991
0.02,Yo_S2_Ex_D_d0,Yo_S2_Ex,Yo,S2,Ex,D,411.890206293675,33.99498411825715,-109.87443067247362,144.49816378215385,-8.623314338158556e-05,0.10381901993075715
0.02,Yo_S2_In_C_d0,Yo_S2_In,Yo,S2,In,C,410.3255703293967,22.688543768224704,-118.17668479860352,144.40682204550134,-5.8864074576769365e-05,0.10933492519364742
0.02,Yo_S2_In_D_d0,Yo_S2_In,Yo,S2,In,D,251.354996602394,27.173968989735574,-104.07889693457578,132.64479045608726,-7.555810596374244e-05,0.11464546480287005
0.02,Yo_S3_Ex_C_d0,Yo_S3_Ex,Yo,S3,Ex,C,521.9656781660245,,-119.54634738285611,150.1824440419481,-2.8644015742693836e-05,0.06464590513214685
0.02,Yo_S3_Ex_D_d0,Yo_S3_Ex,Yo,S3,Ex,D,830.0763342312338,55.655125481913444,-102.74127251507423,161.31642397236126,-0.00011709335378417205,0.07715105740511242
0.02,Yo_S3_In_D_d0,Yo_S3_In,Yo,S3,In,D,405.2472355527343,32.47226030997872,-108.32429508475067,144.10793613618372,-0.00015661395622881027,0.09670068591694256
0.02,Yo_S4_Ex_C_d0,Yo_S4_Ex,Yo,S4,Ex,C,681.0301218499319,43.296086043423664,-111.04475356237609,156.56655688710475,-9.112937263572168e-05,0.09816217522140554
0.02,Yo_S4_Ex_D_d0,Yo_S4_Ex,Yo,S4,Ex,D,525.8814781612233,36.24533496474445,-109.23511433935407,150.36182065579555,-8.734961457143729e-05,0.07302018866971463
0.02,Yo_S4_In_C_d0,Yo_S4_In,Yo,S4,In,C,904.5954226893457,43.44946416396708,-119.20434115364006,163.37970712782317,-0.0001274159696581162,0.13184345010053905
0.02,Yo_S4_In_D_d0,Yo_S4_In,Yo,S4,In,D,502.5869686355835,33.483329569750055,-111.69835320848729,149.27444872487098,-0.0001631416539757819,0.10470923182358238
0.02,Yo_S5_Ex_C_d0,Yo_S5_Ex,Yo,S5,Ex,C,1408.1662760197516,49.90678598958074,-120.25413189380103,174.0010469642279,-7.045465473703049e-05,0.15670492611349252
0.02,Yo_S5_Ex_D_d0,Yo_S5_Ex,Yo,S5,Ex,D,870.3687385489828,52.159792686352816,-107.37580072074766,162.45400702242114,-1.8488204033085464e-05,0.1489738946667764
0.02,Yo_S5_In_C_d0,Yo_S5_In,Yo,S5,In,C,841.603946788236,41.41535996216933,-111.79253354532887,161.64742875833412,-0.0001239150419043248,0.09165154077912285
0.02,Yo_S5_In_D_d0,Yo_S5_In,Yo,S5,In,D,894.7488996086585,52.55998518824828,-107.66865705177199,163.11703487554365,-0.00019679874940671337,0.10554147567076497
0.03,De_S1_Ex_C_d0,De_S1_Ex,De,S1,Ex,C,563.9668912145866,46.65923037493928,-98.4664807505294,152.03989311011287,-8.920240678407724e-05,0.07787755917184444
0.03,De_S1_Ex_D_d0,De_S1_Ex,De,S1,Ex,D,429.802267191864,44.99461103088427,-97.0459248625395,145.51980622049282,-0.00017028390825102105,0.06421112560764525
0.03,De_S1_In_C_d0,De_S1_In,De,S1,In,C,761.5934081284634,37.959366838622515,-118.60828327801511,159.24990787550854,-6.91413681688417e-05,0.09069638699444511
0.03,De_S1_In_D_d0,De_S1_In,De,S1,In,D,1246.3897146539632,47.87385634542835,-122.75432563002391,171.07215415295337,-0.00017624696711197855,0.0827261053305692
0.03,De_S2_Ex_C_d0,De_S2_Ex,De,S2,Ex,C,1580.6839250557261,55.38552740775252,-120.73203818547984,176.77470951172214,-0.00011617025732781878,0.06584275978944105
0.03,De_S2_Ex_D_d0,De_S2_Ex,De,S2,Ex,D,933.4244087634389,60.209395683063796,-103.82018555693178,164.132639605259,-0.00011737454146922214,0.07254449802527742
0.03,De_S2_In_C_d0,De_S2_In,De,S2,In,C,907.0387496541014,45.21501636826426,-117.75013519092617,163.44444413003234,-4.608141808920265e-05,0.06306299341238966
0.03,De_S2_In_D_d0,De_S2_In,De,S2,In,D,837.937832960796,41.62125222978986,-117.66870545253146,161.54265390526214,-4.705182223223893e-05,0.07317481686870501
0.03,De_S3_Ex_C_d0,De_S3_Ex,De,S3,Ex,C,1670.9289756337469,47.06527410862661,-126.61494773195798,178.10724056599202,-9.219425945820753e-05,0.059690835221228755
0.03,De_S3_Ex_D_d0,De_S3_Ex,De,S3,Ex,D,1061.1647703765302,49.536878894400985,-113.86137884346545,167.21093817122937,-0.0003088574852390925,0.060871217578013025
0.03,De_S3_In_C_d0,De_S3_In,De,S3,In,C,1522.105726002697,44.750614794614094,-124.78759786130031,175.868400028517,-2.2883417137034866e-05,0.09465208807355437
0.03,De_S3_In_D_d0,De_S3_In,De,S3,In,D,3075.022033338536,45.013522937457964,-133.02236082733262,192.74561629267902,-2.1769345486244174e-05,0.0807702638107349
0.03,De_S4_Ex_C_d0,De_S4_Ex,De,S4,Ex,C,1147.747436197822,47.6827313558352,-120.18737129075404,169.09335718471755,-0.00011499491231825925,0.057318106833550715
0.03,De_S4_Ex_D_d0,De_S4_Ex,De,S4,Ex,D,1564.910103666749,65.74701042463624,-106.70462039288002,176.53400782987023,-0.0006460466325292806,0.05321859909560437
0.03,De_S4_In_C_d0,De_S4_In,De,S4,In,C,1112.6906406184382,42.85705817172601,-130.5308672688101,168.34887268111672,-2.395971010979013e-05,0.06499035699290262
0.03,De_S4_In_D_d0,De_S4_In,De,S4,In,D,1309.9166122001498,53.24607703576453,-116.55115644699434,172.26525022464236,-1.845264897228873e-05,0.08008831266086555
0.03,De_S5_Ex_C_d0,De_S5_Ex,De,S5,Ex,C,1189.0901611359166,44.53163705802759,-125.89445195333788,169.9426493567636,-7.144733179861724e-05,0.06718593367068197
0.03,De_S5_Ex_D_d0,De_S5_Ex,De,S5,Ex,D,871.6035860624024,50.73266321561344,-109.35587444579801,162.48803321774875,-0.00011872004278757715,0.06740676272523075
0.03,De_S5_In_C_d0,De_S5_In,De,S5,In,C,517.8885194507178,17.791309751815533,-127.29745902737045,149.99424013637162,-5.231842151428768e-05,0.0466273760671146
0.03,De_S5_In_D_d0,De_S5_In,De,S5,In,D,844.6258524674303,46.593747791198126,-114.10586205577385,161.73345002776637,-8.637586726452698e-05,0.08135984803399977
0.03,Sc_S1_Ex_C_d0,Sc_S1_Ex,Sc,S1,Ex,C,491.7388184328422,16.1567791290318,-128.90909442641285,148.75074524865866,-6.998634087521005e-05,0.06624250935704956
0.03,Sc_S1_Ex_D_d0,Sc_S1_Ex,Sc,S1,Ex,D,298.936276633775,6.446110726092943,-123.16678992103303,136.805530297221,-5.980275092611996e-05,0.04848494787041145
0.03,Sc_S1_In_C_d0,Sc_S1_In,Sc,S1,In,C,500.0265951111956,28.926969288774135,-117.94090375011265,149.1518708935208,-2.1246779107265315e-05,0.0748306853671878
0.03,Sc_S1_In_D_d0,Sc_S1_In,Sc,S1,In,D,540.5457742901124,27.001090834137777,-120.07572547038228,151.02190373476168,-6.302480589235357e-08,0.06513381296116369
0.03,Sc_S2_Ex_C_d0,Sc_S2_Ex,Sc,S2,Ex,C,355.60766782478703,10.316525509557167,-126.276488435948,140.97187359525842,-9.194235162331396e-05,0.030262872264059017
0.03,Sc_S2_Ex_D_d0,Sc_S2_Ex,Sc,S2,Ex,D,179.85610690120748,6.39656468979009,-115.82994208044434,124.61177100216861,-5.0100257900985254e-05,0.05488359293490072
0.03,Sc_S2_In_C_d0,Sc_S2_In,Sc,S2,In,C,366.58224592258114,19.864819324876592,-119.76997655696022,141.70134972519512,-2.122078288089438e-05,0.05195791114818217
0.03,Sc_S2_In_D_d0,Sc_S2_In,Sc,S2,In,D,218.4176925352648,2.7529557078329425,-118.77550665761058,129.27382200879572,-0.00010772226506764176,0.05082842508241767
0.03,Sc_S3_Ex_C_d0,Sc_S3_Ex,Sc,S3,Ex,C,418.22346906617804,20.577497413131248,-120.81567922757154,144.86438171183835,-0.00011239475604328097,0.060712305939530926
0.03,Sc_S3_Ex_D_d0,Sc_S3_Ex,Sc,S3,Ex,D,144.23544256441818,12.113403633892364,-103.81804823893006,119.31472757275233,-6.604363123311377e-05,0.05151997745763185
0.03,Sc_S3_In_C_d0,Sc_S3_In,Sc,S3,In,C,936.9014071736616,21.08635096499666,-145.81574413288186,164.22187331765997,-3.578950792512059e-05,0.07646989932108691
0.03,Sc_S3_In_D_d0,Sc_S3_In,Sc,S3,In,D,1040.3924011853956,35.177781366728915,-124.8061511928416,166.73647751530683,-0.00014445038735928453,0.06671087800216675
0.03,Sc_S4_Ex_C_d0,Sc_S4_Ex,Sc,S4,Ex,C,189.2354541898998,15.277265416224921,-112.44036848529898,125.83180869774012,-1.673993035768293e-05,0.0581979602628039
0.03,Sc_S4_Ex_D_d0,Sc_S4_Ex,Sc,S4,Ex,D,308.453357825926,35.47960480177995,-99.80850263033884,137.55769540136558,-9.712804299552085e-05,0.06181505314781471
0.03,Sc_S4_In_C_d0,Sc_S4_In,Sc,S4,In,C,700.6427741265004,19.51769693878334,-132.4839067018991,157.24795589911363,-2.3143706036982868e-05,0.03977591194216855
0.03,Sc_S4_In_D_d0,Sc_S4_In,Sc,S4,In,D,310.8651669244935,17.035487699931565,-116.00423588136046,137.74462251129694,-0.00010759955554719161,0.03985763968438584
0.03,Sc_S5_Ex_C_d0,Sc_S5_Ex,Sc,S5,Ex,C,345.30443637023535,10.330074545617244,-123.55514305856019,140.26623485245227,-9.379810028219768e-05,0.08434595205159165
0.03,Sc_S5_Ex_D_d0,Sc_S5_Ex,Sc,S5,Ex,D,403.8625965585586,13.911367792794916,-130.2280386173858,144.02579310199553,-4.003141548417427e-05,0.07604048338097959
0.03,Sc_S5_In_C_d0,Sc_S5_In,Sc,S5,In,C,1962.9278136573012,38.06350199651696,-136.21968542208003,181.97261808286936,-4.6920437337198145e-05,0.07002789587494024
0.03,Sc_S5_In_D_d0,Sc_S5_In,Sc,S5,In,D,973.1156728921432,48.50550523932757,-114.01799524969576,165.13207098829804,-0.00011788540525073785,0.06515263537955213
0.03,Yo_S1_Ex_C_d0,Yo_S1_Ex,Yo,S1,Ex,C,659.971395287015,32.350823533519446,-120.33367475916792,155.81271584656864,-5.61102563195817e-05,0.057859746256529995
0.03,Yo_S1_Ex_D_d0,Yo_S1_Ex,Yo,S1,Ex,D,619.4801666334523,40.15742546311432,,,-0.00010583787454762831,0.05478258042899327
0.03,Yo_S1_In_C_d0,Yo_S1_In,Yo,S1,In,C,405.7777567390513,27.540037600037586,-112.08323647295396,144.13933470073766,-5.786689168626244e-05,0.05577273650500137
0.03,Yo_S1_In_D_d0,Yo_S1_In,Yo,S1,In,D,689.6059695400894,43.52546542194977,-113.28678832017081,156.86688902010403,-0.00013194003894655455,0.06436171232405798
0.03,Yo_S2_Ex_C_d0,Yo_S2_Ex,Yo,S2,Ex,C,530.097863273038,24.950969392448787,-115.31132634747297,150.55347929246062,-7.40802063661108e-05,0.09956663516133081
0.03,Yo_S2_Ex_D_d0,Yo_S2_Ex,Yo,S2,Ex,D,437.870299365119,34.65623520755918,-107.89797174132215,145.966145912478,-0.00012934581716622523,0.08638909903576274
0.03,Yo_S2_In_C_d0,Yo_S2_In,Yo,S2,In,C,436.35896605945766,24.09259399175279,-117.3055605110702,145.88316531023827,-8.483512375727172e-05,0.09437648404256563
0.03,Yo_S2_In_D_d0,Yo_S2_In,Yo,S2,In,D,262.7077623157645,27.793600153354447,-104.51562836788148,133.70501386725005,-0.00010606862895510546,0.09910474076928615
0.03,Yo_S3_Ex_C_d0,Yo_S3_Ex,Yo,S3,Ex,C,569.8808759240669,,-121.35142070954964,152.2902563851278,-4.0426703214531835e-05,0.048918059183501734
0.03,Yo_S3_Ex_D_d0,Yo_S3_Ex,Yo,S3,Ex,D,914.0487590404314,57.069510982763134,-104.74178201814406,163.62921400566302,-0.0001756346554354493,0.05929767667210572
0.03,Yo_S3_In_D_d0,Yo_S3_In,Yo,S3,In,D,429.7204014260982,33.18583544728382,-108.46079971030643,145.51523443092623,-0.0002100741116239244,0.07897388303328089
0.03,Yo_S4_Ex_C_d0,Yo_S4_Ex,Yo,S4,Ex,C,740.8532055549631,44.38040626807201,-111.87915936271615,158.58726006015291,-0.0001330247810242898,0.0796103273829874
0.03,Yo_S4_Ex_D_d0,Yo_S4_Ex,Yo,S4,Ex,D,567.2947765112208,36.753977555844926,-114.73033480063992,152.18109735983128,-0.00013102138123083202,0.055259310061827716
0.03,Yo_S4_In_C_d0,Yo_S4_In,Yo,S4,In,C,1019.0841197697459,46.39590588843413,-117.68681374681296,166.23982994665664,-0.00018823943374636422,0.12476695299855534
0.03,Yo_S4_In_D_d0,Yo_S4_In,Yo,S4,In,D,550.1182224830407,33.93739890504836,-112.72472829716088,151.44319692233393,-0.00022803261096645104,0.08844884043042159
0.03,Yo_S5_Ex_C_d0,Yo_S5_Ex,Yo,S5,Ex,C,1611.3447793672192,52.256916515026575,-123.35120286974771,177.23578502460308,-0.00010567958544243096,0.15740897146868477
0.03,Yo_S5_Ex_D_d0,Yo_S5_Ex,Yo,S5,Ex,D,1004.964789458821,54.616608267299085,-107.8271996990584,165.9049868283616,-2.773164033942945e-05,0.1452525332660802
0.03,Yo_S5_In_C_d0,Yo_S5_In,Yo,S5,In,C,937.9233402345923,42.2789276600855,-117.15630379664846,164.24803725210268,-0.00018584756028781915,0.07444449778855243
0.03,Yo_S5_In_D_d0,Yo_S5_In,Yo,S5,In,D,995.0144128953324,54.18425774541429,-108.6217764129016,165.66617333701495,-0.0002733080208857607,0.0900651984503807
0.05,De_S1_Ex_C_d0,De_S1_Ex,De,S1,Ex,C,636.6847405233109,47.762107646208165,-103.76746398102703,154.95059088542726,-0.00013867677465615732,0.05415933112323863
0.05,De_S1_Ex_D_d0,De_S1_Ex,De,S1,Ex,D,468.23573533587154,46.759521128044156,-100.65409610283376,147.57532504996792,-0.0002723701243139184,0.04394020472360355
0.05,De_S1_In_C_d0,De_S1_In,De,S1,In,C,870.9450678140897,38.68853726557141,-121.52018606301682,162.469893765887,-0.0001075698450649249,0.0654809397677599
0.05,De_S1_In_D_d0,De_S1_In,De,S1,In,D,1532.4663231010281,51.926855525075865,-118.02391937318444,176.03120861834202,-0.0002822200627940296,0.05983801476752539
0.05,De_S2_Ex_C_d0,De_S2_Ex,De,S2,Ex,C,1961.82568742762,57.7791003942738,-118.75392721025194,181.95913900439967,-0.00019361578318998794,0.049646140235255445
0.05,De_S2_Ex_D_d0,De_S2_Ex,De,S2,Ex,D,1067.2010875107906,62.28224842880579,-105.17985340624364,167.34707266062458,-0.0001956233722663165,0.051411031357484704
0.05,De_S2_In_C_d0,De_S2_In,De,S2,In,C,1042.144271605846,44.57117167630976,-119.83543859192534,166.77685605995177,-7.241542446498537e-05,0.04224882901325687
0.05,De_S2_In_D_d0,De_S2_In,De,S2,In,D,964.2807606458895,43.17994522389348,-119.5318316980798,164.91317994456244,-7.379373529254466e-05,0.05003705303289315
0.05,De_S3_Ex_C_d0,De_S3_Ex,De,S3,Ex,C,2058.105848098752,49.99488143171129,-129.2987976561996,183.10899234187372,-0.00015365481555975743,0.04868390739413827
0.05,De_S3_Ex_D_d0,De_S3_Ex,De,S3,Ex,D,1216.952170654889,50.34648059261187,-118.268065772966,170.49851498861096,-0.0005147523183445118,0.042930166753184194
0.05,De_S3_In_C_d0,De_S3_In,De,S3,In,C,1880.4726049072833,47.0482769011461,-129.5926029592593,180.9426818357019,-3.6773539321610776e-05,0.07406307597280216
0.05,De_S3_In_D_d0,De_S3_In,De,S3,In,D,4217.922533780504,48.309656335977365,-138.04869814161927,200.3303518858063,-3.559183593774557e-05,0.06428846505478994
0.05,De_S4_Ex_C_d0,De_S4_Ex,De,S4,Ex,C,1382.468645972067,47.67515159527926,-123.55499707083086,173.55902529395442,-0.00018173377292287046,0.04350344678576096
0.05,De_S4_Ex_D_d0,De_S4_Ex,De,S4,Ex,D,1917.5656937044969,69.39975822134653,-108.95708933172696,181.41148302564287,-0.0010113685164576962,0.03930167955634867
0.05,De_S4_In_C_d0,De_S4_In,De,S4,In,C,1337.449327680341,42.84922233445916,-130.46726732643262,172.76447021294402,-3.775960623580494e-05,0.04670652037028022
0.05,De_S4_In_D_d0,De_S4_In,De,S4,In,D,1607.3647383013647,52.933315221414645,-124.20195739407559,177.17643140245076,-2.929419992127064e-05,0.05713682592172642
0.05,De_S5_Ex_C_d0,De_S5_Ex,De,S5,Ex,C,1398.3403300959062,43.597509060903576,-129.55723481518274,173.83299201275878,-0.0001127773183682645,0.04657421022236091
0.05,De_S5_Ex_D_d0,De_S5_Ex,De,S5,Ex,D,988.6174903501648,52.71008051988136,-108.75877485918002,165.5113798261385,-0.00019786452641009378,0.046303577024002195
0.05,De_S5_In_C_d0,De_S5_In,De,S5,In,C,604.0350945885474,18.024014751298132,-132.06222324918062,153.6871751968869,-8.155590735810433e-05,0.029733228269745636
0.05,De_S5_In_D_d0,De_S5_In,De,S5,In,D,984.7792134481228,48.1897584690426,-116.31616060079605,165.41801921432074,-0.00013557726043365967,0.05698523722676496
0.05,Sc_S1_Ex_C_d0,Sc_S1_Ex,Sc,S1,Ex,C,573.1193331938492,16.960877709117632,-124.43925705996006,152.42625492971445,-0.00010972899659425546,0.050562265218538426
0.05,Sc_S1_Ex_D_d0,Sc_S1_Ex,Sc,S1,Ex,D,335.4278698996729,6.24225353725377,-127.81092290278899,139.56976657079971,-9.098459783783988e-05,0.03396344364694684
0.05,Sc_S1_In_C_d0,Sc_S1_In,Sc,S1,In,C,591.5631327314462,27.828489920224335,-122.33955546861253,153.18644186391936,-3.5382228423115994e-05,0.05367127427451253
0.05,Sc_S1_In_D_d0,Sc_S1_In,Sc,S1,In,D,644.3273273824193,28.078321931920033,-122.13793679920421,155.23696486345614,-1.0502909122927238e-07,0.04443491250483418
0.05,Sc_S2_Ex_C_d0,Sc_S2_Ex,Sc,S2,Ex,C,406.48313010197603,13.342751218638341,-130.92797093804205,144.1810182663014,-0.0001489758410327424,0.018960793734062155
0.05,Sc_S2_Ex_D_d0,Sc_S2_Ex,Sc,S2,Ex,D,190.54593630671982,7.137309145629967,-115.02360691298634,125.99743922319881,-8.064309265107226e-05,0.03591335542096149
0.05,Sc_S2_In_C_d0,Sc_S2_In,Sc,S2,In,C,424.1133014651176,32.73152581819467,-120.32057581505501,145.2000153593168,-3.5366614973421674e-05,0.03423022703728318
0.05,Sc_S2_In_D_d0,Sc_S2_In,Sc,S2,In,D,245.29562456863437,5.296576906080812,-120.06566463845444,132.05913873703508,-0.0001756282684058551,0.0328895225740522
0.05,Sc_S3_Ex_C_d0,Sc_S3_Ex,Sc,S3,Ex,C,475.88211499711343,24.131185140085172,-120.79804924537767,147.96408398376315,-0.00017564269759813244,0.04098962853785511
0.05,Sc_S3_Ex_D_d0,Sc_S3_Ex,Sc,S3,Ex,D,150.47379250456217,12.207036594132273,-106.82514807364493,120.33093438823569,-0.00010696349098341254,0.03233338845354285
0.05,Sc_S3_In_C_d0,Sc_S3_In,Sc,S3,In,C,1203.9400604508965,25.964009605503865,-121.3499772835619,170.24051618282067,-5.6295743415977075e-05,0.058178444910872804
0.05,Sc_S3_In_D_d0,Sc_S3_In,Sc,S3,In,D,1280.9304769329033,38.09158414056992,-127.63976176804158,171.72820867027554,-0.0002298752607553501,0.048799177309351356
0.05,Sc_S4_Ex_C_d0,Sc_S4_Ex,Sc,S4,Ex,C,201.50653909659178,12.494798417374707,-112.78339049609698,127.33972399085872,-2.622027854572419e-05,0.03861808183252741
0.05,Sc_S4_Ex_D_d0,Sc_S4_Ex,Sc,S4,Ex,D,335.01662643475095,36.67143946881998,-100.49887575536563,139.5403238818078,-0.00015215286246392422,0.0415802286716289
0.05,Sc_S4_In_C_d0,Sc_S4_In,Sc,S4,In,C,856.3516611796935,20.738541172128155,-131.63721857615107,162.06434666193172,-3.7097764934561365e-05,0.025741449317128143
0.05,Sc_S4_In_D_d0,Sc_S4_In,Sc,S4,In,D,343.13744724319315,17.235920923297325,-115.80507885804613,140.1151461053863,-0.00016748258521507689,0.025126522320728963
0.05,Sc_S5_Ex_C_d0,Sc_S5_Ex,Sc,S5,Ex,C,396.34460159204286,10.872831829998644,-125.73620458124414,143.57481693324553,-0.00013211430450693566,0.062436982312785036
0.05,Sc_S5_Ex_D_d0,Sc_S5_Ex,Sc,S5,Ex,D,465.5983548402262,13.733235942816886,-133.9693743448556,147.43976071181345,-6.66678790570268e-05,0.053786289391031014
0.05,Sc_S5_In_C_d0,Sc_S5_In,Sc,S5,In,C,2660.3381626440573,49.00754322079698,-141.4056700220811,189.26900454021882,-7.662223862379046e-05,0.06007804590462604
0.05,Sc_S5_In_D_d0,Sc_S5_In,Sc,S5,In,D,1175.1121113250504,50.849674820141466,-118.58947316931656,169.65885206208728,-0.0001964627057481022,0.04566521808802188
0.05,Yo_S1_Ex_C_d0,Yo_S1_Ex,Yo,S1,Ex,C,765.3211077820431,32.41294597789134,-126.32812613912303,159.36709186779305,-8.725546147322078e-05,0.038529859659498754
0.05,Yo_S1_Ex_D_d0,Yo_S1_Ex,Yo,S1,Ex,D,702.7784064381106,41.90538682694467,-114.01916914773625,157.32099913909303,-0.00017638650881502213,0.03647996668129855
0.05,Yo_S1_In_C_d0,Yo_S1_In,Yo,S1,In,C,453.87986266121766,28.619914401525676,-115.80787945334566,146.82798104002637,-8.985660967799738e-05,0.036703064179670494
0.05,Yo_S1_In_D_d0,Yo_S1_In,Yo,S1,In,D,816.0837092199748,46.402758231243,-114.21570367788661,160.90840642874505,-0.000206473193794582,0.04376271327993361
0.05,Yo_S2_Ex_C_d0,Yo_S2_Ex,Yo,S2,Ex,C,598.130253355565,25.79651794884083,-117.21400987875985,153.4514050849981,-0.0001053143804046585,0.07774514556521761
0.05,Yo_S2_Ex_D_d0,Yo_S2_Ex,Yo,S2,Ex,D,489.7956854650794,36.21617762797035,-109.19633697313625,148.65572005705312,-0.0002155730305947427,0.06335417334268174
0.05,Yo_S2_In_C_d0,Yo_S2_In,Yo,S2,In,C,488.39474461949203,24.748717253239512,-114.36307254380877,148.58697556263132,-0.00013232362167061635,0.07303201544908823
0.05,Yo_S2_In_D_d0,Yo_S2_In,Yo,S2,In,D,285.4263203508314,28.97512143210289,-106.13681136266094,135.6956141631201,-0.0001591539382372311,0.07662893914522322
0.05,Yo_S3_Ex_C_d0,Yo_S3_Ex,Yo,S3,Ex,C,665.6433859912112,37.586965933439465,-124.60881182333726,156.01809769590542,-6.282347147358132e-05,0.03374692603714308
0.05,Yo_S3_Ex_D_d0,Yo_S3_Ex,Yo,S3,Ex,D,1082.131079994613,59.48350920876588,-106.29386810376724,167.68050235415376,-0.0002927198442281641,0.04061110173498253
0.05,Yo_S3_In_D_d0,Yo_S3_In,Yo,S3,In,D,478.7494039309589,34.5371059494249,-110.51265310659207,148.10825509059006,-0.0003230966365602601,0.057004333327169
0.05,Yo_S4_Ex_C_d0,Yo_S4_Ex,Yo,S4,Ex,C,860.2877995306902,46.211980071928096,-113.45153160069036,162.17440761315856,-0.00021046267810787553,0.0577523380496369
0.05,Yo_S4_Ex_D_d0,Yo_S4_Ex,Yo,S4,Ex,D,649.9808003247513,38.60638688047668,-114.63146824694186,155.44662778779616,-0.00021836636960368598,0.03667649779104583
0.05,Yo_S4_In_C_d0,Yo_S4_In,Yo,S4,In,C,1247.758621854468,48.30021171322025,-121.70111475765387,171.0984988379347,-0.00030754178312420995,0.11353889181081717
0.05,Yo_S4_In_D_d0,Yo_S4_In,Yo,S4,In,D,645.1604308110958,35.82934073165622,-117.69066106104637,155.267976379375,-0.00034999215815838144,0.06828800584354225
0.05,Yo_S5_Ex_C_d0,Yo_S5_Ex,Yo,S5,Ex,C,2017.9317367354445,55.96028749329702,-122.39236579861132,182.6358809556915,-0.0001761305933270117,0.1612429464645437
0.05,Yo_S5_Ex_D_d0,Yo_S5_Ex,Yo,S5,Ex,D,1273.7164441877287,57.940849789046474,-110.09248888600446,171.59266176187748,-4.6218832472855926e-05,0.13952074369497364
0.05,Yo_S5_In_C_d0,Yo_S5_In,Yo,S5,In,C,1130.544100272249,44.278384837642065,-121.62550239551048,168.73090321166208,-0.00030972453273643764,0.05376876412754828
0.05,Yo_S5_In_D_d0,Yo_S5_In,Yo,S5,In,D,1195.725739663723,56.92961355901754,-110.06148155841308,170.07620624523628,-0.0004199934935969774,0.07038447325590909
